player,match_id,season,competition,time,card_type,reason,period
Clément Lenglet,3773661,2020/2021,La Liga,05:22,Yellow Card,Foul Committed,1
Patrick Vieira,3749108,2003/2004,Premier League,67:22,Yellow Card,Foul Committed,2
Dimitri Foulquier,16306,2018/2019,La Liga,36:46,Yellow Card,Foul Committed,1
Ashley Cole,3749253,2003/2004,Premier League,32:33,Yellow Card,Foul Committed,1
Kolo Habib Touré,3749552,2003/2004,Premier League,53:07,Yellow Card,Foul Committed,2
Charles Días Barbosa de Oliveira,303700,2019/2020,La Liga,23:20,Yellow Card,Bad Behaviour,1
Laureano Bisan-Etame Mayer,3749526,2003/2004,Premier League,25:34,Yellow Card,Foul Committed,1
Sean Davis,3749603,2003/2004,Premier League,88:39,Yellow Card,Bad Behaviour,2
Scott Parker,3749526,2003/2004,Premier League,33:40,Yellow Card,Foul Committed,1
Pervis Josué Estupiñán Tenorio,303634,2019/2020,La Liga,63:43,Yellow Card,Bad Behaviour,2
Gerard Piqué Bernabéu,303451,2019/2020,La Liga,66:24,Yellow Card,Foul Committed,2
Papa Kouly Diop,303700,2019/2020,La Liga,23:09,Yellow Card,Foul Committed,1
Ray Parlour,3749253,2003/2004,Premier League,35:57,Yellow Card,Foul Committed,1
Kolo Habib Touré,3749108,2003/2004,Premier League,38:55,Yellow Card,Foul Committed,1
Ronald Federico Araújo da Silva,3773661,2020/2021,La Liga,66:20,Yellow Card,Foul Committed,2
Alberto Rodríguez Baró,3773526,2020/2021,La Liga,51:46,Yellow Card,Foul Committed,2
Eduardo Expósito Jaén,303700,2019/2020,La Liga,89:06,Yellow Card,Foul Committed,2
Wayne Mark Rooney,3749493,2003/2004,Premier League,76:54,Yellow Card,Foul Committed,2
Jorge De Frutos Sebastián,3773387,2020/2021,La Liga,66:28,Yellow Card,Bad Behaviour,2
Chidozie Collins Awaziem,303532,2019/2020,La Liga,81:15,Yellow Card,Foul Committed,2
Thomas Gravesen,3749493,2003/2004,Premier League,73:40,Yellow Card,Foul Committed,2
Djené Dakonam Ortega,16306,2018/2019,La Liga,92:45,Yellow Card,Foul Committed,2
Samuel Yves Umtiti,15978,2018/2019,La Liga,86:32,Yellow Card,Bad Behaviour,2
Sergi Roberto Carnicer,303451,2019/2020,La Liga,07:41,Yellow Card,Foul Committed,1
Martin Andresen,3749465,2003/2004,Premier League,52:03,Yellow Card,Foul Committed,2
Sergio Álvarez Díaz,303700,2019/2020,La Liga,81:28,Yellow Card,Foul Committed,2
Aleix Vidal Parreu,303517,2019/2020,La Liga,65:22,Yellow Card,Bad Behaviour,2
Eduardo César Daude Gaspar,3749434,2003/2004,Premier League,77:33,Yellow Card,Foul Committed,2
Kevin Nolan,3749403,2003/2004,Premier League,29:07,Yellow Card,Foul Committed,1
Arturo Erasmo Vidal Pardo,303451,2019/2020,La Liga,73:29,Yellow Card,Foul Committed,2
Gerard Piqué Bernabéu,15986,2018/2019,La Liga,80:38,Yellow Card,Bad Behaviour,2
Martín Aguirregabiria Padilla,303517,2019/2020,La Liga,71:37,Yellow Card,Foul Committed,2
Sergio Busquets i Burgos,16240,2018/2019,La Liga,38:09,Yellow Card,Foul Committed,1
Aliou Cissé,3749434,2003/2004,Premier League,06:25,Yellow Card,Foul Committed,1
Gerard Piqué Bernabéu,303504,2019/2020,La Liga,64:44,Yellow Card,Foul Committed,2
Kolo Habib Touré,3749434,2003/2004,Premier League,13:15,Yellow Card,Foul Committed,1
Mubarak Wakaso,303517,2019/2020,La Liga,66:46,Yellow Card,Bad Behaviour,2
Sergio Busquets i Burgos,16196,2018/2019,La Liga,01:24,Yellow Card,Foul Committed,1
Luis Alberto Suárez Díaz,16240,2018/2019,La Liga,90:46,Yellow Card,Bad Behaviour,2
Jordi Alba Ramos,16317,2018/2019,La Liga,82:02,Yellow Card,Bad Behaviour,2
Antoine Griezmann,303504,2019/2020,La Liga,55:12,Yellow Card,Foul Committed,2
Unai Bustinza Martínez,303532,2019/2020,La Liga,36:12,Yellow Card,Foul Committed,1
Henrik Pedersen,3749403,2003/2004,Premier League,84:31,Yellow Card,Foul Committed,2
Rodrigo Ely,303517,2019/2020,La Liga,83:40,Yellow Card,Foul Committed,2
Peter Whittingham,3749133,2003/2004,Premier League,44:51,Yellow Card,Foul Committed,1
Joan Jordán Moreno,3773625,2020/2021,La Liga,87:19,Yellow Card,Foul Committed,2
Rubén Salvador Pérez Del Mármol,303532,2019/2020,La Liga,67:33,Yellow Card,Bad Behaviour,2
Sergio Escudero Palomo,3773625,2020/2021,La Liga,44:23,Yellow Card,Foul Committed,1
Lionel Andrés Messi Cuccittini,16240,2018/2019,La Liga,83:20,Yellow Card,Bad Behaviour,2
Antonio Latorre Grueso,3773695,2020/2021,La Liga,55:12,Yellow Card,Foul Committed,2
Nélson Cabral Semedo,15986,2018/2019,La Liga,11:54,Yellow Card,Foul Committed,1
Cristiano Ronaldo dos Santos Aveiro,3749552,2003/2004,Premier League,83:33,Yellow Card,Foul Committed,2
Olof Mellberg,3749133,2003/2004,Premier League,33:29,Yellow Card,Foul Committed,1
Mathías Olivera Miramontes,16306,2018/2019,La Liga,50:46,Yellow Card,Foul Committed,2
Sergi Roberto Carnicer,303504,2019/2020,La Liga,80:19,Yellow Card,Foul Committed,2
Sergi Roberto Carnicer,16240,2018/2019,La Liga,84:13,Yellow Card,Foul Committed,2
Daniel Carvajal Ramos,303596,2019/2020,La Liga,90:54,Yellow Card,Foul Committed,2
Jordi Alba Ramos,3773377,2020/2021,La Liga,90:47,Yellow Card,Bad Behaviour,2
Sergio Guardiola Navarro,3773474,2020/2021,La Liga,72:24,Yellow Card,Foul Committed,2
Óscar de Marcos Arana,16173,2018/2019,La Liga,67:55,Yellow Card,Foul Committed,2
Daniel Carvajal Ramos,16196,2018/2019,La Liga,88:03,Yellow Card,Bad Behaviour,2
Óscar de Marcos Arana,16173,2018/2019,La Liga,90:33,Second Yellow,Foul Committed,2
Nélson Cabral Semedo,16317,2018/2019,La Liga,41:47,Yellow Card,Foul Committed,1
Clément Lenglet,3773386,2020/2021,La Liga,43:20,Yellow Card,Foul Committed,1
Antoine Griezmann,3773377,2020/2021,La Liga,12:22,Yellow Card,Foul Committed,1
Simon Thorup Kjær,16190,2018/2019,La Liga,79:34,Yellow Card,Foul Committed,2
Gareth Frank Bale,303596,2019/2020,La Liga,69:07,Yellow Card,Foul Committed,2
Igor Zubeldia Elorza,3773597,2020/2021,La Liga,78:09,Yellow Card,Foul Committed,2
Miguel Alfonso Herrero Javaloyas,16182,2018/2019,La Liga,69:02,Yellow Card,Foul Committed,2
Daniel García Carrillo,16173,2018/2019,La Liga,51:39,Yellow Card,Foul Committed,2
Karim Rekik,3773625,2020/2021,La Liga,45:55,Yellow Card,Foul Committed,2
Franco Damián Vázquez,16190,2018/2019,La Liga,69:15,Yellow Card,Foul Committed,2
Pablo Ínsua Blanco,3773369,2020/2021,La Liga,59:51,Yellow Card,Foul Committed,2
Anuar Mohamed Tuhami,16182,2018/2019,La Liga,32:58,Yellow Card,Foul Committed,1
Nélson Cabral Semedo,16289,2018/2019,La Liga,76:06,Yellow Card,Foul Committed,2
Clément Lenglet,3773377,2020/2021,La Liga,90:41,Yellow Card,Foul Committed,2
Fernando Francisco Reges,3773625,2020/2021,La Liga,30:14,Yellow Card,Foul Committed,1
Pablo Sarabia García,16190,2018/2019,La Liga,82:11,Yellow Card,Foul Committed,2
Kevin Nolan,3749278,2003/2004,Premier League,56:56,Yellow Card,Bad Behaviour,2
Uroš Račić,3773695,2020/2021,La Liga,34:11,Yellow Card,Foul Committed,1
Carlos Fernández Luna,3773597,2020/2021,La Liga,92:20,Yellow Card,Foul Committed,2
Jaime Mata Arnaiz,303377,2019/2020,La Liga,72:02,Yellow Card,Foul Committed,2
Sergio Busquets i Burgos,3773631,2020/2021,La Liga,73:04,Yellow Card,Foul Committed,2
Yeray Álvarez López,16173,2018/2019,La Liga,90:41,Yellow Card,Bad Behaviour,2
Fredrik Ljungberg,3749117,2003/2004,Premier League,53:49,Yellow Card,Foul Committed,2
Frenkie de Jong,303652,2019/2020,La Liga,65:04,Yellow Card,Foul Committed,2
Frenkie de Jong,303652,2019/2020,La Liga,74:11,Second Yellow,Foul Committed,2
Martin Braithwaite Christensen,3773474,2020/2021,La Liga,83:30,Yellow Card,Foul Committed,2
Ousmane Dembélé,3773631,2020/2021,La Liga,63:53,Yellow Card,Foul Committed,2
Luis Alberto Suárez Díaz,303596,2019/2020,La Liga,39:06,Yellow Card,Foul Committed,1
Ivan Rakitić,303596,2019/2020,La Liga,20:41,Yellow Card,Foul Committed,1
Sergio Busquets i Burgos,16173,2018/2019,La Liga,77:23,Yellow Card,Foul Committed,2
Laurent Robert,3749528,2003/2004,Premier League,65:12,Yellow Card,Foul Committed,2
Marko Rog,16190,2018/2019,La Liga,48:08,Yellow Card,Foul Committed,2
Ray Parlour,3749117,2003/2004,Premier League,21:49,Yellow Card,Foul Committed,1
Iván Campo Ramos,3749278,2003/2004,Premier League,51:26,Yellow Card,Foul Committed,2
Jesús Vallejo Lázaro,3773565,2020/2021,La Liga,77:30,Red Card,Foul Committed,2
Daniel Escriche Romero,3773369,2020/2021,La Liga,47:46,Yellow Card,Foul Committed,2
Maximilian Wöber,16190,2018/2019,La Liga,56:59,Yellow Card,Bad Behaviour,2
Antoine Griezmann,3773474,2020/2021,La Liga,27:40,Yellow Card,Foul Committed,1
Samuel Yves Umtiti,303377,2019/2020,La Liga,48:28,Yellow Card,Foul Committed,2
Ousmane Dembélé,3773625,2020/2021,La Liga,81:10,Yellow Card,Bad Behaviour,2
Martín Zubimendi Ibáñez,3773597,2020/2021,La Liga,08:42,Yellow Card,Foul Committed,1
José Ángel Valdés Díaz,16317,2018/2019,La Liga,78:58,Yellow Card,Foul Committed,2
Rúben Miguel Nunes Vezo,16289,2018/2019,La Liga,57:20,Yellow Card,Foul Committed,2
Frenkie de Jong,3773631,2020/2021,La Liga,46:40,Yellow Card,Foul Committed,2
Clément Lenglet,303596,2019/2020,La Liga,44:16,Yellow Card,Foul Committed,1
Lionel Andrés Messi Cuccittini,3773625,2020/2021,La Liga,40:58,Yellow Card,Foul Committed,1
Clément Lenglet,3773457,2020/2021,La Liga,72:26,Yellow Card,Foul Committed,2
Laureano Bisan-Etame Mayer,3749117,2003/2004,Premier League,43:56,Yellow Card,Foul Committed,1
Clément Lenglet,3773457,2020/2021,La Liga,82:05,Second Yellow,Foul Committed,2
Martin Braithwaite Christensen,303516,2019/2020,La Liga,81:20,Yellow Card,Foul Committed,2
Martin Braithwaite Christensen,3773597,2020/2021,La Liga,87:22,Yellow Card,Foul Committed,2
Óscar Mingueza García,3773377,2020/2021,La Liga,55:12,Yellow Card,Foul Committed,2
Jorge Andújar Moreno,16289,2018/2019,La Liga,82:28,Yellow Card,Foul Committed,2
Martín Aguirregabiria Padilla,3773526,2020/2021,La Liga,16:19,Yellow Card,Foul Committed,1
Gerard Piqué Bernabéu,303666,2019/2020,La Liga,48:39,Yellow Card,Bad Behaviour,1
Sergio Busquets i Burgos,3773597,2020/2021,La Liga,26:13,Yellow Card,Foul Committed,1
Luis Javier Suárez Charris,3773565,2020/2021,La Liga,72:52,Yellow Card,Bad Behaviour,2
Clément Lenglet,16173,2018/2019,La Liga,71:17,Yellow Card,Foul Committed,2
Luis Alberto Suárez Díaz,303666,2019/2020,La Liga,20:35,Yellow Card,Foul Committed,1
Héctor Junior Firpo Adames,303377,2019/2020,La Liga,81:24,Yellow Card,Foul Committed,2
Gonzalo Escalante,16317,2018/2019,La Liga,81:48,Yellow Card,Foul Committed,2
Marc-André ter Stegen,3773695,2020/2021,La Liga,64:06,Yellow Card,Bad Behaviour,2
Adrián Marín Gómez,3773586,2020/2021,La Liga,93:17,Yellow Card,Foul Committed,2
Peter Whittingham,3749108,2003/2004,Premier League,69:59,Yellow Card,Foul Committed,2
Rubén Rochina Naixes,16289,2018/2019,La Liga,55:37,Yellow Card,Foul Committed,2
Mikel Vesga Arruti,3764661,2020/2021,La Liga,26:37,Yellow Card,Foul Committed,1
Iván Ramis Barrios,16317,2018/2019,La Liga,32:30,Yellow Card,Bad Behaviour,1
Jordi Alba Ramos,303470,2019/2020,La Liga,18:05,Yellow Card,Bad Behaviour,1
Robin Aime Robert Le Normand,3773523,2020/2021,La Liga,79:43,Yellow Card,Foul Committed,2
Mauricio Taricco,3749196,2003/2004,Premier League,48:44,Yellow Card,Foul Committed,2
Clément Lenglet,15986,2018/2019,La Liga,32:36,Red Card,Foul Committed,1
Clément Lenglet,303504,2019/2020,La Liga,66:30,Yellow Card,Foul Committed,2
Lionel Andrés Messi Cuccittini,3773547,2020/2021,La Liga,73:16,Yellow Card,Bad Behaviour,2
Ander Barrenetxea Muguruza,3773523,2020/2021,La Liga,57:05,Yellow Card,Foul Committed,2
Daniel García Carrillo,3764661,2020/2021,La Liga,69:42,Yellow Card,Foul Committed,2
Robbie Keane,3749068,2003/2004,Premier League,92:32,Yellow Card,Bad Behaviour,2
Nabil Fekir,303707,2019/2020,La Liga,75:23,Yellow Card,Foul Committed,2
Arthur Henrique Ramos de Oliveira Melo,15986,2018/2019,La Liga,13:56,Yellow Card,Foul Committed,1
Arthur Henrique Ramos de Oliveira Melo,303504,2019/2020,La Liga,11:31,Yellow Card,Foul Committed,1
Nabil Fekir,303707,2019/2020,La Liga,75:32,Second Yellow,Bad Behaviour,2
Jamie Redknapp,3749068,2003/2004,Premier League,58:02,Yellow Card,Foul Committed,2
Jorge Resurrección Merodio,3773372,2020/2021,La Liga,64:49,Yellow Card,Foul Committed,2
Lionel Andrés Messi Cuccittini,303470,2019/2020,La Liga,84:48,Yellow Card,Foul Committed,2
Damián Marcelo Musto,15973,2018/2019,La Liga,86:08,Yellow Card,Foul Committed,2
Martin Braithwaite Christensen,16136,2018/2019,La Liga,07:09,Yellow Card,Foul Committed,1
Pablo Ezequiel De Blasis,16317,2018/2019,La Liga,43:03,Yellow Card,Foul Committed,1
Dean Richards,3749196,2003/2004,Premier League,24:26,Yellow Card,Foul Committed,1
Cristhian Ricardo Stuani Curbelo,15986,2018/2019,La Liga,15:05,Yellow Card,Foul Committed,1
Roberto Soldado Rillo,3773565,2020/2021,La Liga,43:58,Yellow Card,Foul Committed,1
Aïssa Mandi,303707,2019/2020,La Liga,46:21,Yellow Card,Foul Committed,1
Anssumane Fati,303504,2019/2020,La Liga,84:49,Yellow Card,Foul Committed,2
Nikola Vukčević,3773660,2020/2021,La Liga,41:02,Yellow Card,Foul Committed,1
Antti Mikko Niemi,3749631,2003/2004,Premier League,93:36,Yellow Card,Bad Behaviour,2
Arturo Erasmo Vidal Pardo,303548,2019/2020,La Liga,40:59,Yellow Card,Foul Committed,1
Michael Lennart Svensson,3749631,2003/2004,Premier League,92:53,Yellow Card,Bad Behaviour,2
Thomas Teye Partey,16248,2018/2019,La Liga,26:08,Yellow Card,Foul Committed,1
Sergio Busquets i Burgos,3773565,2020/2021,La Liga,80:54,Yellow Card,Foul Committed,2
Daniel José Rodríguez Vázquez,303548,2019/2020,La Liga,85:18,Yellow Card,Foul Committed,2
Juan Pedro Ramírez López,15986,2018/2019,La Liga,60:25,Yellow Card,Foul Committed,2
Jordi Alba Ramos,3773565,2020/2021,La Liga,86:01,Yellow Card,Foul Committed,2
Pedro González López,3773497,2020/2021,La Liga,22:03,Yellow Card,Foul Committed,1
Bernardo José Espinosa Zúñiga,15986,2018/2019,La Liga,38:07,Yellow Card,Foul Committed,1
Sergio Busquets i Burgos,3773523,2020/2021,La Liga,39:56,Yellow Card,Foul Committed,1
Daniel Alejandro Torres Rojas,15946,2018/2019,La Liga,09:15,Yellow Card,Foul Committed,1
Éver Maximiliano David Banega,303674,2019/2020,La Liga,61:49,Yellow Card,Foul Committed,2
Ronald Federico Araújo da Silva,3773497,2020/2021,La Liga,25:44,Yellow Card,Foul Committed,1
Saúl Ñíguez Esclapez,3773372,2020/2021,La Liga,34:39,Yellow Card,Foul Committed,1
Guillermo Alfonso Maripán Loaysa,15946,2018/2019,La Liga,40:46,Yellow Card,Bad Behaviour,1
Enis Bardhi,303504,2019/2020,La Liga,51:09,Yellow Card,Foul Committed,2
Raúl García Escudero,3773403,2020/2021,La Liga,31:44,Yellow Card,Foul Committed,1
Gerard Piqué Bernabéu,16131,2018/2019,La Liga,69:25,Yellow Card,Foul Committed,2
Pedro Alcalá Guirado,15986,2018/2019,La Liga,67:22,Yellow Card,Foul Committed,2
Iago Aspas Juncal,16109,2018/2019,La Liga,44:56,Yellow Card,Bad Behaviour,1
Luis Alberto Suárez Díaz,16131,2018/2019,La Liga,43:48,Yellow Card,Bad Behaviour,1
Ray Parlour,3749196,2003/2004,Premier League,09:17,Yellow Card,Foul Committed,1
Cristian Portugués Manzanera,15986,2018/2019,La Liga,68:23,Yellow Card,Bad Behaviour,2
Felipe Augusto de Almeida Monteiro,3773372,2020/2021,La Liga,45:20,Yellow Card,Foul Committed,2
Mikel Oyarzabal Ugarte,303479,2019/2020,La Liga,79:54,Yellow Card,Bad Behaviour,2
Patrick Vieira,3749631,2003/2004,Premier League,37:02,Yellow Card,Foul Committed,1
Clément Lenglet,3764661,2020/2021,La Liga,56:33,Yellow Card,Bad Behaviour,2
Carles Aleña Castillo,3773523,2020/2021,La Liga,92:33,Yellow Card,Foul Committed,2
Gerard Moreno Balaguero,3773593,2020/2021,La Liga,82:32,Yellow Card,Foul Committed,2
Ander Capa Rodríguez,3773403,2020/2021,La Liga,76:27,Yellow Card,Foul Committed,2
Emerson Aparecido Leite de Souza Junior,303707,2019/2020,La Liga,35:39,Yellow Card,Foul Committed,1
Jordi Alba Ramos,303548,2019/2020,La Liga,72:16,Yellow Card,Foul Committed,2
Jordi Alba Ramos,3773585,2020/2021,La Liga,61:16,Yellow Card,Bad Behaviour,2
David Batty,3749346,2003/2004,Premier League,29:47,Yellow Card,Bad Behaviour,1
André-Frank Zambo Anguissa,303430,2019/2020,La Liga,70:56,Yellow Card,Foul Committed,2
Laureano Bisan-Etame Mayer,3749454,2003/2004,Premier League,58:29,Yellow Card,Foul Committed,2
Javier Ontiveros Parra,3773552,2020/2021,La Liga,82:57,Yellow Card,Foul Committed,2
Ángel Martín Correa,303524,2019/2020,La Liga,20:32,Yellow Card,Foul Committed,1
Roberto José Rosales Altuve,16231,2018/2019,La Liga,92:32,Yellow Card,Foul Committed,2
Patrick Vieira,3749522,2003/2004,Premier League,75:00,Yellow Card,Bad Behaviour,2
Iago Aspas Juncal,303516,2019/2020,La Liga,88:38,Yellow Card,Bad Behaviour,2
Jordi Alba Ramos,16079,2018/2019,La Liga,67:58,Yellow Card,Bad Behaviour,2
Thomas Teye Partey,303524,2019/2020,La Liga,07:09,Yellow Card,Foul Committed,1
Daniel García Carrillo,16010,2018/2019,La Liga,89:19,Yellow Card,Foul Committed,2
Óscar Mingueza García,3773474,2020/2021,La Liga,42:17,Yellow Card,Foul Committed,1
Víctor Sánchez Mata,16231,2018/2019,La Liga,68:14,Yellow Card,Foul Committed,2
Diego Carlos Santos Silva,3773625,2020/2021,La Liga,37:49,Yellow Card,Foul Committed,1
Víctor Machín Pérez,303524,2019/2020,La Liga,68:15,Yellow Card,Foul Committed,2
Samuel Yves Umtiti,3773665,2020/2021,La Liga,25:55,Yellow Card,Foul Committed,1
Michael Tarnat,3749454,2003/2004,Premier League,74:01,Yellow Card,Bad Behaviour,2
Felipe Augusto de Almeida Monteiro,303524,2019/2020,La Liga,71:56,Yellow Card,Foul Committed,2
Raúl Albiol i Tortajada,303430,2019/2020,La Liga,80:46,Yellow Card,Foul Committed,2
René Salomon Olembé-Olembé,3749346,2003/2004,Premier League,50:12,Yellow Card,Foul Committed,2
Yeray Álvarez López,16010,2018/2019,La Liga,47:40,Yellow Card,Foul Committed,2
Germán Sánchez Barahona,3773586,2020/2021,La Liga,88:59,Yellow Card,Bad Behaviour,2
Joey Barton,3749454,2003/2004,Premier League,48:49,Yellow Card,Foul Committed,2
Peru Nolaskoain Esnal,16010,2018/2019,La Liga,89:28,Yellow Card,Bad Behaviour,2
Gerard Piqué Bernabéu,303524,2019/2020,La Liga,31:19,Yellow Card,Foul Committed,1
Clément Lenglet,16079,2018/2019,La Liga,17:18,Yellow Card,Foul Committed,1
Samuel Yves Umtiti,15998,2018/2019,La Liga,59:14,Yellow Card,Foul Committed,2
Esteban Félix Granero Molina,16231,2018/2019,La Liga,72:28,Yellow Card,Bad Behaviour,2
Héctor Junior Firpo Adames,3773665,2020/2021,La Liga,87:07,Yellow Card,Foul Committed,2
Carlos Fernández Luna,303666,2019/2020,La Liga,86:33,Yellow Card,Foul Committed,2
Jérémie Aliadière,3749522,2003/2004,Premier League,72:32,Yellow Card,Foul Committed,2
Gareth Barry,3749133,2003/2004,Premier League,57:37,Yellow Card,Foul Committed,2
Ivan Rakitić,303524,2019/2020,La Liga,50:53,Yellow Card,Foul Committed,2
Brais Méndez Portela,303516,2019/2020,La Liga,33:05,Yellow Card,Foul Committed,1
Thomas Vermaelen,15998,2018/2019,La Liga,63:50,Yellow Card,Foul Committed,2
Yangel Clemente Herrera Ravelo,303666,2019/2020,La Liga,48:49,Yellow Card,Foul Committed,2
Gonzalo Escalante,303731,2019/2020,La Liga,63:27,Yellow Card,Bad Behaviour,2
Adnan Januzaj,3773523,2020/2021,La Liga,19:38,Yellow Card,Foul Committed,1
Daniel Carvajal Ramos,303470,2019/2020,La Liga,18:04,Yellow Card,Bad Behaviour,1
Sergio Busquets i Burgos,16010,2018/2019,La Liga,88:25,Yellow Card,Bad Behaviour,2
Papa Kouly Diop,303731,2019/2020,La Liga,83:57,Yellow Card,Foul Committed,2
Néstor Alejandro Araújo Razo,303516,2019/2020,La Liga,60:18,Yellow Card,Foul Committed,2
Sergio Busquets i Burgos,303430,2019/2020,La Liga,89:36,Yellow Card,Foul Committed,2
Roberto Soldado Rillo,3773586,2020/2021,La Liga,19:28,Yellow Card,Foul Committed,1
Rubén Alcaraz Jiménez,303680,2019/2020,La Liga,44:53,Yellow Card,Foul Committed,1
Víctor Ruíz Torre,3773631,2020/2021,La Liga,76:26,Yellow Card,Foul Committed,2
Nehuén Pérez,3773586,2020/2021,La Liga,42:31,Yellow Card,Foul Committed,1
Vinícius José Paixão de Oliveira Júnior,303470,2019/2020,La Liga,09:58,Yellow Card,Foul Committed,1
Clément Lenglet,303524,2019/2020,La Liga,64:13,Yellow Card,Foul Committed,2
Danny Tiatto,3749454,2003/2004,Premier League,74:50,Yellow Card,Foul Committed,2
Ivan Rakitić,16010,2018/2019,La Liga,77:11,Yellow Card,Bad Behaviour,2
Antoine Griezmann,303430,2019/2020,La Liga,46:33,Yellow Card,Foul Committed,2
Allan Romeo Nyom,15998,2018/2019,La Liga,87:15,Yellow Card,Foul Committed,2
Takashi Inui,303700,2019/2020,La Liga,87:10,Yellow Card,Foul Committed,2
David Sommeil,3749454,2003/2004,Premier League,54:56,Yellow Card,Foul Committed,2
Ivan Rakitić,303532,2019/2020,La Liga,91:56,Yellow Card,Foul Committed,2
Jordi Alba Ramos,3773372,2020/2021,La Liga,82:07,Yellow Card,Bad Behaviour,2
Arturo Erasmo Vidal Pardo,16149,2018/2019,La Liga,36:38,Yellow Card,Foul Committed,1
Francisco António Machado Mota de Castro Trincão,3773523,2020/2021,La Liga,87:06,Yellow Card,Foul Committed,2
Sergio Busquets i Burgos,303715,2019/2020,La Liga,31:40,Yellow Card,Foul Committed,1
Andy Todd,3749360,2003/2004,Premier League,76:33,Yellow Card,Foul Committed,2
Guido Rodríguez,303707,2019/2020,La Liga,72:00,Yellow Card,Bad Behaviour,2
Ricard Puig Martí,3773457,2020/2021,La Liga,55:18,Yellow Card,Foul Committed,2
Ashley Cole,3749403,2003/2004,Premier League,61:16,Yellow Card,Foul Committed,2
Sergi Roberto Carnicer,303430,2019/2020,La Liga,24:51,Yellow Card,Foul Committed,1
Sergio Busquets i Burgos,303493,2019/2020,La Liga,31:21,Yellow Card,Foul Committed,1
José María Giménez de Vargas,16248,2018/2019,La Liga,27:54,Yellow Card,Bad Behaviour,1
Gerard Piqué Bernabéu,3773372,2020/2021,La Liga,81:55,Yellow Card,Foul Committed,2
Mikel Merino Zazón,16265,2018/2019,La Liga,14:03,Yellow Card,Foul Committed,1
Adrià Giner Pedrosa,16231,2018/2019,La Liga,86:18,Yellow Card,Foul Committed,2
Samuel Yves Umtiti,303532,2019/2020,La Liga,82:27,Yellow Card,Foul Committed,2
Anssumane Fati,303377,2019/2020,La Liga,84:17,Yellow Card,Bad Behaviour,2
Fernando Francisco Reges,303674,2019/2020,La Liga,48:27,Yellow Card,Bad Behaviour,1
Ioan Viorel Ganea,3749052,2003/2004,Premier League,25:18,Yellow Card,Bad Behaviour,1
David López Silva,303615,2019/2020,La Liga,93:02,Yellow Card,Bad Behaviour,2
Sylvain Legwinski,3749192,2003/2004,Premier League,56:43,Yellow Card,Foul Committed,2
Carlos Soler Barragán,16023,2018/2019,La Liga,42:30,Yellow Card,Foul Committed,1
Óscar Mingueza García,3773565,2020/2021,La Liga,48:26,Yellow Card,Foul Committed,2
Víctor Sánchez Mata,303615,2019/2020,La Liga,45:18,Yellow Card,Bad Behaviour,1
Denis Irwin,3749052,2003/2004,Premier League,66:45,Yellow Card,Foul Committed,2
Renato Fabrizio Tapia Cortijo,3773466,2020/2021,La Liga,68:31,Yellow Card,Foul Committed,2
Gilbert Gianelli Imbula Wanga,16205,2018/2019,La Liga,88:39,Yellow Card,Bad Behaviour,2
Sergio Busquets i Burgos,303707,2019/2020,La Liga,56:05,Yellow Card,Bad Behaviour,2
Sergi Roberto Carnicer,16136,2018/2019,La Liga,59:49,Yellow Card,Foul Committed,2
Ivan Rakitić,303493,2019/2020,La Liga,90:40,Yellow Card,Foul Committed,2
Germán Sánchez Barahona,303610,2019/2020,La Liga,58:50,Yellow Card,Foul Committed,2
Diego da Silva Costa,16073,2018/2019,La Liga,70:45,Yellow Card,Bad Behaviour,2
Germán Sánchez Barahona,303610,2019/2020,La Liga,68:41,Second Yellow,Foul Committed,2
Sergio Reguilón Rodríguez,303674,2019/2020,La Liga,25:51,Yellow Card,Foul Committed,1
Jeison Fabián Murillo Cerón,3773466,2020/2021,La Liga,74:50,Yellow Card,Foul Committed,2
Cristhian Ricardo Stuani Curbelo,16149,2018/2019,La Liga,88:33,Yellow Card,Bad Behaviour,2
Mark Kennedy,3749052,2003/2004,Premier League,10:16,Yellow Card,Foul Committed,1
Sébastien Schemmel,3749296,2003/2004,Premier League,63:38,Yellow Card,Foul Committed,2
Jorge Resurrección Merodio,3773656,2020/2021,La Liga,08:13,Yellow Card,Foul Committed,1
Clément Lenglet,303532,2019/2020,La Liga,83:41,Yellow Card,Foul Committed,2
José Ignacio Fernández Iglesias,3773497,2020/2021,La Liga,67:55,Yellow Card,Foul Committed,2
Héctor Junior Firpo Adames,303430,2019/2020,La Liga,81:25,Yellow Card,Bad Behaviour,2
Chris Baird,3749631,2003/2004,Premier League,70:13,Yellow Card,Foul Committed,2
Iván Alejo Peralta,3773415,2020/2021,La Liga,81:49,Yellow Card,Bad Behaviour,2
Sergio Enrich Ametller,16131,2018/2019,La Liga,41:37,Yellow Card,Bad Behaviour,1
Lucas Hernández Pi,16073,2018/2019,La Liga,38:22,Yellow Card,Foul Committed,1
José María Giménez de Vargas,3773656,2020/2021,La Liga,78:11,Yellow Card,Foul Committed,2
Daniel Parejo Muñoz,16023,2018/2019,La Liga,57:04,Yellow Card,Foul Committed,2
Paul Ince,3749522,2003/2004,Premier League,65:18,Yellow Card,Foul Committed,2
Nélson Cabral Semedo,16215,2018/2019,La Liga,65:58,Yellow Card,Foul Committed,2
Carles Aleña Castillo,16136,2018/2019,La Liga,52:48,Yellow Card,Foul Committed,2
Carlos Henrique Casimiro,3773497,2020/2021,La Liga,88:24,Yellow Card,Foul Committed,2
Jordi Alba Ramos,3773571,2020/2021,La Liga,61:49,Yellow Card,Foul Committed,2
Antoine Griezmann,16073,2018/2019,La Liga,47:46,Yellow Card,Foul Committed,2
Carlos Henrique Casimiro,3773497,2020/2021,La Liga,89:23,Second Yellow,Foul Committed,2
Saúl Ñíguez Esclapez,16248,2018/2019,La Liga,70:30,Yellow Card,Foul Committed,2
Yannick Ferreira Carrasco,3773656,2020/2021,La Liga,24:59,Yellow Card,Foul Committed,1
Lee Naylor,3749522,2003/2004,Premier League,78:18,Yellow Card,Foul Committed,2
Héctor Junior Firpo Adames,303532,2019/2020,La Liga,88:38,Yellow Card,Foul Committed,2
Sergi Roberto Carnicer,303707,2019/2020,La Liga,28:10,Yellow Card,Foul Committed,1
Arjan de Zeeuw,3749296,2003/2004,Premier League,45:33,Yellow Card,Foul Committed,1
Javier López Rodríguez,303652,2019/2020,La Liga,34:56,Yellow Card,Foul Committed,1
Arturo Erasmo Vidal Pardo,303715,2019/2020,La Liga,89:10,Yellow Card,Foul Committed,2
Lionel Andrés Messi Cuccittini,16182,2018/2019,La Liga,66:19,Yellow Card,Bad Behaviour,2
Brais Méndez Portela,3773457,2020/2021,La Liga,87:31,Yellow Card,Foul Committed,2
Clément Lenglet,16215,2018/2019,La Liga,51:20,Yellow Card,Foul Committed,2
Robbie Savage,3749462,2003/2004,Premier League,48:08,Yellow Card,Foul Committed,2
Asier Illarramendi Andonegi,15978,2018/2019,La Liga,42:57,Yellow Card,Foul Committed,1
Jordi Alba Ramos,16157,2018/2019,La Liga,90:23,Yellow Card,Bad Behaviour,2
Stefan Savić,3773656,2020/2021,La Liga,78:24,Yellow Card,Bad Behaviour,2
Raúl de Tomás Gómez,303615,2019/2020,La Liga,44:56,Yellow Card,Foul Committed,1
Clément Lenglet,303707,2019/2020,La Liga,03:25,Yellow Card,Foul Committed,1
Juan Pedro Ramírez López,16149,2018/2019,La Liga,67:54,Yellow Card,Foul Committed,2
Patrick Vieira,3749603,2003/2004,Premier League,51:50,Yellow Card,Foul Committed,2
Ricard Puig Martí,303532,2019/2020,La Liga,83:19,Yellow Card,Foul Committed,2
Clément Lenglet,303707,2019/2020,La Liga,78:22,Second Yellow,Foul Committed,2
Kenneth Josiah Omeruo,16136,2018/2019,La Liga,29:16,Yellow Card,Foul Committed,1
Filipe Luís Kasmirski,16073,2018/2019,La Liga,86:31,Yellow Card,Bad Behaviour,2
Sergio Busquets i Burgos,303674,2019/2020,La Liga,48:05,Yellow Card,Bad Behaviour,1
Thierry Henry,3749603,2003/2004,Premier League,68:21,Yellow Card,Foul Committed,2
Joaquín Fernández Moreno,3773571,2020/2021,La Liga,76:24,Yellow Card,Foul Committed,2
Marc Roca Junqué,303652,2019/2020,La Liga,61:25,Yellow Card,Foul Committed,2
Mark Anthony Delaney,3749108,2003/2004,Premier League,17:20,Yellow Card,Foul Committed,1
Damien Johnson,3749462,2003/2004,Premier League,15:04,Yellow Card,Foul Committed,1
Manuel Trigueros Muñoz,3773689,2020/2021,La Liga,64:31,Red Card,Foul Committed,2
Bernardo José Espinosa Zúñiga,16149,2018/2019,La Liga,28:34,Yellow Card,Foul Committed,1
Bernardo José Espinosa Zúñiga,16149,2018/2019,La Liga,50:28,Second Yellow,Foul Committed,2
Neill McCann,3749310,2003/2004,Premier League,86:18,Yellow Card,Foul Committed,2
Arturo Erasmo Vidal Pardo,303707,2019/2020,La Liga,31:41,Yellow Card,Foul Committed,1
Dennis Bergkamp,3749052,2003/2004,Premier League,30:35,Yellow Card,Foul Committed,1
Ivan Rakitić,16157,2018/2019,La Liga,46:01,Yellow Card,Foul Committed,1
Ashley Cole,3749448,2003/2004,Premier League,28:07,Yellow Card,Foul Committed,1
Frenkie de Jong,3773571,2020/2021,La Liga,67:28,Yellow Card,Foul Committed,2
Gerard Piqué Bernabéu,303674,2019/2020,La Liga,38:25,Yellow Card,Foul Committed,1
Juan Pablo Ángel Arango,3749108,2003/2004,Premier League,36:28,Yellow Card,Foul Committed,1
José María Martín-Bejarano Serrano,3773415,2020/2021,La Liga,84:30,Yellow Card,Foul Committed,2
Jens Lehmann,3749590,2003/2004,Premier League,49:51,Yellow Card,Bad Behaviour,2
Bruno González Cabrera,3773474,2020/2021,La Liga,39:01,Yellow Card,Foul Committed,1
Néstor Alejandro Araújo Razo,3773466,2020/2021,La Liga,47:03,Yellow Card,Foul Committed,2
Pau Francisco Torres,3773689,2020/2021,La Liga,73:24,Yellow Card,Foul Committed,2
Darren Anderton,3749196,2003/2004,Premier League,18:45,Yellow Card,Foul Committed,1
Gilberto Aparecido da Silva,3749360,2003/2004,Premier League,65:46,Yellow Card,Foul Committed,2
Lee Hendrie,3749108,2003/2004,Premier League,15:30,Yellow Card,Foul Committed,1
Moriba Kourouma Kourouma,3773372,2020/2021,La Liga,57:47,Yellow Card,Foul Committed,2
Philippe Coutinho Correia,16023,2018/2019,La Liga,57:20,Yellow Card,Bad Behaviour,2
Oleg Luzhny,3749522,2003/2004,Premier League,79:31,Yellow Card,Foul Committed,2
Pol Lozano Vizuete,303615,2019/2020,La Liga,51:34,Red Card,Foul Committed,2
Raúl Albiol i Tortajada,3773689,2020/2021,La Liga,65:44,Yellow Card,Bad Behaviour,2
Jordi Alba Ramos,16095,2018/2019,La Liga,44:34,Yellow Card,Bad Behaviour,1
Francisco José Beltrán Peinado,3773466,2020/2021,La Liga,92:27,Yellow Card,Foul Committed,2
Sergi Roberto Carnicer,16157,2018/2019,La Liga,30:21,Yellow Card,Foul Committed,1
Gerard Piqué Bernabéu,3773587,2020/2021,La Liga,22:47,Yellow Card,Foul Committed,1
Ashley Cole,3749454,2003/2004,Premier League,32:58,Yellow Card,Foul Committed,1
Rodrigo Hernández Cascante,16073,2018/2019,La Liga,85:27,Yellow Card,Foul Committed,2
Óscar Plano Pedreño,3773474,2020/2021,La Liga,78:28,Red Card,Foul Committed,2
Carlos Domínguez Cáceres,3773457,2020/2021,La Liga,50:16,Yellow Card,Foul Committed,2
Ray Parlour,3749603,2003/2004,Premier League,84:26,Yellow Card,Bad Behaviour,2
Joseph Aidoo,3773466,2020/2021,La Liga,38:09,Yellow Card,Foul Committed,1
Enes Ünal,16182,2018/2019,La Liga,10:14,Yellow Card,Foul Committed,1
Ivan Rakitić,16095,2018/2019,La Liga,35:49,Yellow Card,Foul Committed,1
Luis Alberto Suárez Díaz,16023,2018/2019,La Liga,40:39,Yellow Card,Bad Behaviour,1
Alex Rae,3749522,2003/2004,Premier League,26:53,Yellow Card,Foul Committed,1
Luis Alberto Suárez Díaz,303664,2019/2020,La Liga,73:07,Yellow Card,Bad Behaviour,2
Francis Joseph Coquelin,303400,2019/2020,La Liga,53:46,Yellow Card,Foul Committed,2
Thomas Lemar,303696,2019/2020,La Liga,93:05,Yellow Card,Foul Committed,2
Yassine Bounou,16149,2018/2019,La Liga,51:07,Yellow Card,Bad Behaviour,2
José Andrés Guardado Hernández,16215,2018/2019,La Liga,16:00,Yellow Card,Bad Behaviour,1
Jordi Alba Ramos,3773497,2020/2021,La Liga,83:40,Yellow Card,Bad Behaviour,2
Ousmane Dembélé,16095,2018/2019,La Liga,17:14,Yellow Card,Foul Committed,1
Dennis Bergkamp,3749108,2003/2004,Premier League,79:46,Yellow Card,Foul Committed,2
Jordi Masip López,3773474,2020/2021,La Liga,79:02,Yellow Card,Bad Behaviour,2
Paul Butler,3749522,2003/2004,Premier League,11:14,Yellow Card,Foul Committed,1
Sergi Roberto Carnicer,3773587,2020/2021,La Liga,40:41,Yellow Card,Bad Behaviour,1
Paul Konchesky,3749196,2003/2004,Premier League,13:13,Yellow Card,Foul Committed,1
Gerard Piqué Bernabéu,3773497,2020/2021,La Liga,94:05,Yellow Card,Bad Behaviour,2
Eiður Smári Guðjohnsen,3749276,2003/2004,Premier League,41:31,Yellow Card,Foul Committed,1
Lionel Andrés Messi Cuccittini,16010,2018/2019,La Liga,93:53,Yellow Card,Bad Behaviour,2
Youssef En-Nesyri,15998,2018/2019,La Liga,91:16,Yellow Card,Foul Committed,2
Eiður Smári Guðjohnsen,3749276,2003/2004,Premier League,59:27,Second Yellow,Foul Committed,2
José Andrés Guardado Hernández,16056,2018/2019,La Liga,23:53,Yellow Card,Foul Committed,1
Unai Bustinza Martínez,15998,2018/2019,La Liga,48:02,Yellow Card,Foul Committed,2
Dorival Guidoni Júnior,3749153,2003/2004,Premier League,29:04,Yellow Card,Foul Committed,1
Yeray Álvarez López,3773403,2020/2021,La Liga,38:47,Yellow Card,Bad Behaviour,1
Héctor Junior Firpo Adames,303524,2019/2020,La Liga,17:33,Yellow Card,Foul Committed,1
Rubén Salvador Pérez Del Mármol,15998,2018/2019,La Liga,39:31,Yellow Card,Foul Committed,1
Martin Braithwaite Christensen,3773660,2020/2021,La Liga,86:47,Yellow Card,Foul Committed,2
Patrick Vieira,3749448,2003/2004,Premier League,63:32,Yellow Card,Foul Committed,2
Aïssa Mandi,16056,2018/2019,La Liga,68:13,Yellow Card,Foul Committed,2
Ruud van Nistelrooy,3749552,2003/2004,Premier League,79:41,Yellow Card,Foul Committed,2
Saúl Ñíguez Esclapez,303696,2019/2020,La Liga,34:54,Yellow Card,Foul Committed,1
Sergino Dest,3773587,2020/2021,La Liga,96:19,Yellow Card,Foul Committed,2
Adrian Mutu,3749276,2003/2004,Premier League,50:02,Yellow Card,Foul Committed,2
Cristian Tello Herrera,16056,2018/2019,La Liga,65:52,Yellow Card,Foul Committed,2
El-Hadji Ousseynou Diouf,3749448,2003/2004,Premier League,82:10,Yellow Card,Foul Committed,2
Miralem Pjanić,3773672,2020/2021,La Liga,76:30,Yellow Card,Foul Committed,2
Roy Keane,3749552,2003/2004,Premier League,21:33,Yellow Card,Foul Committed,1
Roberto Soldado Rillo,303666,2019/2020,La Liga,47:33,Yellow Card,Foul Committed,2
Jordi Alba Ramos,3773403,2020/2021,La Liga,49:57,Yellow Card,Bad Behaviour,2
Sergio Busquets i Burgos,16205,2018/2019,La Liga,78:52,Yellow Card,Foul Committed,2
Felipe Augusto de Almeida Monteiro,303696,2019/2020,La Liga,50:35,Yellow Card,Foul Committed,2
Allan Romeo Nyom,3773587,2020/2021,La Liga,72:01,Yellow Card,Foul Committed,2
John Welsh,3749253,2003/2004,Premier League,84:31,Yellow Card,Foul Committed,2
Roque Mesa Quevedo,303715,2019/2020,La Liga,19:37,Yellow Card,Foul Committed,1
Frenkie de Jong,3773660,2020/2021,La Liga,48:19,Yellow Card,Foul Committed,2
Laureano Bisan-Etame Mayer,3749448,2003/2004,Premier League,72:24,Yellow Card,Bad Behaviour,2
Enrique Pérez Muñoz,303680,2019/2020,La Liga,64:02,Yellow Card,Foul Committed,2
Sergio Busquets i Burgos,303400,2019/2020,La Liga,51:14,Yellow Card,Foul Committed,2
John Terry,3749276,2003/2004,Premier League,66:06,Yellow Card,Foul Committed,2
Quinton Fortune Kolobea,3749552,2003/2004,Premier League,89:43,Yellow Card,Foul Committed,2
Gerard Piqué Bernabéu,303400,2019/2020,La Liga,09:27,Yellow Card,Foul Committed,1
Frank Lampard,3749276,2003/2004,Premier League,78:37,Yellow Card,Foul Committed,2
Gilberto Aparecido da Silva,3749153,2003/2004,Premier League,19:09,Yellow Card,Foul Committed,1
Jordi Alba Ramos,303680,2019/2020,La Liga,77:29,Yellow Card,Bad Behaviour,2
Frank Mohammed Sinclair,3749257,2003/2004,Premier League,45:59,Yellow Card,Foul Committed,2
Ray Parlour,3749233,2003/2004,Premier League,62:13,Yellow Card,Foul Committed,2
Samuel Yves Umtiti,303400,2019/2020,La Liga,42:16,Yellow Card,Foul Committed,1
Patrick Vieira,3749552,2003/2004,Premier League,77:43,Yellow Card,Foul Committed,2
Patrick Vieira,3749552,2003/2004,Premier League,79:51,Second Yellow,Bad Behaviour,2
Eduardo César Daude Gaspar,3749233,2003/2004,Premier League,89:14,Yellow Card,Bad Behaviour,2
Frenkie de Jong,3773403,2020/2021,La Liga,46:06,Yellow Card,Foul Committed,2
Robert Kenedy Nunes do Nascimento,303377,2019/2020,La Liga,87:50,Yellow Card,Foul Committed,2
Erick Cathriel Cabaco Almada,3773587,2020/2021,La Liga,27:42,Yellow Card,Foul Committed,1
Gerard Piqué Bernabéu,303696,2019/2020,La Liga,17:39,Yellow Card,Bad Behaviour,1
Dídac Vilá Rosselló,16086,2018/2019,La Liga,78:03,Yellow Card,Foul Committed,2
Pedro González López,3773477,2020/2021,La Liga,40:08,Yellow Card,Foul Committed,1
Nemanja Gudelj,3773672,2020/2021,La Liga,86:12,Yellow Card,Foul Committed,2
Sergio Busquets i Burgos,16136,2018/2019,La Liga,11:00,Yellow Card,Foul Committed,1
Martin Keown,3749552,2003/2004,Premier League,60:20,Yellow Card,Foul Committed,2
Anssumane Fati,3773477,2020/2021,La Liga,36:00,Yellow Card,Foul Committed,1
David Remeseiro Salgueiro,16095,2018/2019,La Liga,58:48,Yellow Card,Bad Behaviour,2
Gerard Piqué Bernabéu,303634,2019/2020,La Liga,68:26,Yellow Card,Bad Behaviour,2
Igor Bišćan,3749253,2003/2004,Premier League,59:50,Yellow Card,Foul Committed,2
Mathías Olivera Miramontes,3773587,2020/2021,La Liga,92:25,Yellow Card,Bad Behaviour,2
Gerard Piqué Bernabéu,15956,2018/2019,La Liga,59:01,Yellow Card,Foul Committed,2
Lionel Andrés Messi Cuccittini,303696,2019/2020,La Liga,60:02,Yellow Card,Bad Behaviour,2
Ivan Rakitić,303634,2019/2020,La Liga,56:07,Yellow Card,Foul Committed,2
Jaime Mata Arnaiz,3773587,2020/2021,La Liga,26:25,Yellow Card,Foul Committed,1
Unai Núñez Gestoso,303493,2019/2020,La Liga,60:59,Yellow Card,Foul Committed,2
Philippe Coutinho Correia,16275,2018/2019,La Liga,75:11,Yellow Card,Foul Committed,2
Rodrigo Tarín Higón,16136,2018/2019,La Liga,21:52,Yellow Card,Foul Committed,1
Clément Lenglet,16240,2018/2019,La Liga,41:51,Yellow Card,Foul Committed,1
Ray Parlour,3749631,2003/2004,Premier League,62:12,Yellow Card,Foul Committed,2
Nélson Cabral Semedo,303634,2019/2020,La Liga,53:15,Yellow Card,Foul Committed,2
Sergio Guardiola Navarro,303600,2019/2020,La Liga,66:58,Yellow Card,Foul Committed,2
Patrick Vieira,3749431,2003/2004,Premier League,86:30,Yellow Card,Foul Committed,2
Nicolas Anelka,3749233,2003/2004,Premier League,89:21,Red Card,Bad Behaviour,2
Arturo Erasmo Vidal Pardo,16240,2018/2019,La Liga,76:19,Yellow Card,Foul Committed,2
Sergio Busquets i Burgos,3773689,2020/2021,La Liga,81:44,Yellow Card,Foul Committed,2
Patrick Vieira,3749278,2003/2004,Premier League,53:07,Yellow Card,Foul Committed,2
Aïssa Mandi,3773477,2020/2021,La Liga,30:45,Yellow Card,Foul Committed,1
Jerrel Hasselbaink,3749079,2003/2004,Premier League,82:15,Yellow Card,Foul Committed,2
Aïssa Mandi,3773477,2020/2021,La Liga,57:05,Red Card,Foul Committed,2
Paul Scholes,3749246,2003/2004,Premier League,24:38,Yellow Card,Foul Committed,1
Thierry Henry,3749278,2003/2004,Premier League,62:50,Yellow Card,Foul Committed,2
Jordi Alba Ramos,303517,2019/2020,La Liga,87:07,Yellow Card,Foul Committed,2
Jens Lehmann,3749068,2003/2004,Premier League,90:44,Yellow Card,Foul Committed,2
Clément Lenglet,3773387,2020/2021,La Liga,90:24,Yellow Card,Foul Committed,2
Emiliano Daniel Velázquez Maldonado,16205,2018/2019,La Liga,67:15,Yellow Card,Foul Committed,2
Carles Aleña Castillo,16240,2018/2019,La Liga,82:21,Yellow Card,Foul Committed,2
Ray Parlour,3749274,2003/2004,Premier League,79:08,Yellow Card,Foul Committed,2
Pau Francisco Torres,303725,2019/2020,La Liga,16:42,Yellow Card,Foul Committed,1
Éver Maximiliano David Banega,303473,2019/2020,La Liga,90:24,Yellow Card,Foul Committed,2
Frenkie de Jong,3773387,2020/2021,La Liga,76:52,Yellow Card,Foul Committed,2
Sergio Busquets i Burgos,3773466,2020/2021,La Liga,86:19,Yellow Card,Foul Committed,2
Antoine Griezmann,3773689,2020/2021,La Liga,49:21,Yellow Card,Foul Committed,2
Joaquín Fernández Moreno,303600,2019/2020,La Liga,44:29,Yellow Card,Foul Committed,1
Jordi Alba Ramos,3773466,2020/2021,La Liga,82:44,Yellow Card,Bad Behaviour,2
Gerard Piqué Bernabéu,16248,2018/2019,La Liga,73:27,Yellow Card,Bad Behaviour,2
Héctor Junior Firpo Adames,303634,2019/2020,La Liga,74:07,Yellow Card,Bad Behaviour,2
Gerard Piqué Bernabéu,3773466,2020/2021,La Liga,41:55,Yellow Card,Bad Behaviour,1
Samuel Yves Umtiti,303517,2019/2020,La Liga,66:47,Yellow Card,Bad Behaviour,2
Luis Alberto Suárez Díaz,16248,2018/2019,La Liga,40:37,Yellow Card,Bad Behaviour,1
José Ramiro Funes Mori,16240,2018/2019,La Liga,46:14,Yellow Card,Foul Committed,1
Joey Barton,3749233,2003/2004,Premier League,59:05,Yellow Card,Foul Committed,2
Eduardo César Daude Gaspar,3749192,2003/2004,Premier League,88:52,Yellow Card,Foul Committed,2
Jordi Alba Ramos,303682,2019/2020,La Liga,64:27,Yellow Card,Bad Behaviour,2
Daniel Filipe Martins Carriço,303473,2019/2020,La Liga,33:08,Yellow Card,Foul Committed,1
Trevor Sinclair,3749233,2003/2004,Premier League,83:26,Yellow Card,Bad Behaviour,2
Markus Babbel,3749360,2003/2004,Premier League,41:36,Yellow Card,Foul Committed,1
Gerard Piqué Bernabéu,303682,2019/2020,La Liga,64:02,Yellow Card,Foul Committed,2
Ray Parlour,3749079,2003/2004,Premier League,06:22,Yellow Card,Foul Committed,1
Sergio Busquets i Burgos,16073,2018/2019,La Liga,28:17,Yellow Card,Foul Committed,1
Colin Cooper,3749358,2003/2004,Premier League,24:09,Yellow Card,Foul Committed,1
Sergio Busquets i Burgos,16149,2018/2019,La Liga,42:54,Yellow Card,Foul Committed,1
Anssumane Fati,303615,2019/2020,La Liga,48:23,Red Card,Foul Committed,2
Enes Ünal,15956,2018/2019,La Liga,48:43,Yellow Card,Foul Committed,2
Alejandro Moreno Lopera,3773477,2020/2021,La Liga,43:49,Yellow Card,Foul Committed,1
Clément Lenglet,3773466,2020/2021,La Liga,22:39,Yellow Card,Foul Committed,1
Clément Lenglet,3773466,2020/2021,La Liga,41:32,Second Yellow,Foul Committed,1
Clément Lenglet,16248,2018/2019,La Liga,77:13,Yellow Card,Foul Committed,2
Álvaro González Soberón,16240,2018/2019,La Liga,35:17,Yellow Card,Foul Committed,1
Álvaro González Soberón,16240,2018/2019,La Liga,85:22,Second Yellow,Foul Committed,2
Claude Makélélé,3749079,2003/2004,Premier League,10:35,Yellow Card,Foul Committed,1
Sergio Reguilón Rodríguez,303473,2019/2020,La Liga,21:22,Yellow Card,Foul Committed,1
Eduardo César Daude Gaspar,3749465,2003/2004,Premier League,71:32,Yellow Card,Foul Committed,2
Ashley Cole,3749590,2003/2004,Premier League,71:32,Red Card,Foul Committed,2
Francisco Román Alarcón Suárez,303596,2019/2020,La Liga,75:42,Yellow Card,Foul Committed,2
Samuel Yves Umtiti,16073,2018/2019,La Liga,70:58,Yellow Card,Bad Behaviour,2
José Luis Morales Nogales,3773387,2020/2021,La Liga,77:56,Yellow Card,Foul Committed,2
Mikel Merino Zazón,303479,2019/2020,La Liga,55:51,Yellow Card,Foul Committed,2
Sergio Busquets i Burgos,303473,2019/2020,La Liga,88:04,Yellow Card,Bad Behaviour,2
Sergio Ramos García,303596,2019/2020,La Liga,77:32,Yellow Card,Foul Committed,2
Jonathan Rodríguez Menéndez,16275,2018/2019,La Liga,32:13,Yellow Card,Bad Behaviour,1
Miguel Alfonso Herrero Javaloyas,303600,2019/2020,La Liga,78:06,Yellow Card,Foul Committed,2
Gerard Piqué Bernabéu,303473,2019/2020,La Liga,83:51,Yellow Card,Bad Behaviour,2
Barry Ferguson,3749360,2003/2004,Premier League,12:47,Yellow Card,Bad Behaviour,1
Óscar Mingueza García,3773689,2020/2021,La Liga,92:21,Yellow Card,Bad Behaviour,2
Santiago Cáseres,16240,2018/2019,La Liga,90:47,Yellow Card,Foul Committed,2
Carlos Fernández Luna,303610,2019/2020,La Liga,71:01,Yellow Card,Bad Behaviour,2
Luis Alberto Suárez Díaz,303473,2019/2020,La Liga,63:30,Yellow Card,Bad Behaviour,2
Diego da Silva Costa,16248,2018/2019,La Liga,27:33,Red Card,Bad Behaviour,1
Diego da Silva Costa,303696,2019/2020,La Liga,74:30,Yellow Card,Foul Committed,2
Darwin Daniel Machís Marcano,303610,2019/2020,La Liga,11:53,Yellow Card,Foul Committed,1
Vratislav Greško,3749360,2003/2004,Premier League,05:23,Yellow Card,Foul Committed,1
Tomáš Vaclík,16029,2018/2019,La Liga,61:25,Yellow Card,Foul Committed,2
Rafael Alcântara do Nascimento,16073,2018/2019,La Liga,92:47,Yellow Card,Foul Committed,2
Carlos Henrique Casimiro,303596,2019/2020,La Liga,65:10,Yellow Card,Foul Committed,2
Enric Gallego Puigsech,303634,2019/2020,La Liga,74:42,Red Card,Foul Committed,2
Ousmane Dembélé,303473,2019/2020,La Liga,53:25,Yellow Card,Bad Behaviour,2
Ousmane Dembélé,303473,2019/2020,La Liga,86:57,Red Card,Bad Behaviour,2
Clément Lenglet,16149,2018/2019,La Liga,30:09,Yellow Card,Foul Committed,1
Yannick Ferreira Carrasco,303696,2019/2020,La Liga,78:59,Yellow Card,Foul Committed,2
Diego Roberto Godín Leal,16248,2018/2019,La Liga,29:38,Yellow Card,Bad Behaviour,1
Francisco José Beltrán Peinado,303487,2019/2020,La Liga,44:42,Yellow Card,Foul Committed,1
Rubén Duarte Sánchez,3773386,2020/2021,La Liga,86:13,Yellow Card,Foul Committed,2
Thierry Henry,3749276,2003/2004,Premier League,89:55,Yellow Card,Foul Committed,2
Arthur Henrique Ramos de Oliveira Melo,16120,2018/2019,La Liga,11:36,Yellow Card,Foul Committed,1
José Luis Gayà Peña,3773377,2020/2021,La Liga,45:12,Yellow Card,Foul Committed,1
Alfonso Pedraza Sag,16079,2018/2019,La Liga,90:12,Yellow Card,Foul Committed,2
Clément Lenglet,303680,2019/2020,La Liga,39:39,Yellow Card,Foul Committed,1
Roberto Suárez Pier,16095,2018/2019,La Liga,24:07,Yellow Card,Foul Committed,1
Nélson Cabral Semedo,303473,2019/2020,La Liga,38:03,Yellow Card,Foul Committed,1
Gaël Clichy,3749246,2003/2004,Premier League,73:14,Yellow Card,Foul Committed,2
Leslie Ferdinand,3749590,2003/2004,Premier League,49:51,Yellow Card,Bad Behaviour,2
Clément Lenglet,16196,2018/2019,La Liga,62:01,Yellow Card,Foul Committed,2
Tomás Pina Isla,16275,2018/2019,La Liga,93:08,Yellow Card,Foul Committed,2
Dimitri Foulquier,16120,2018/2019,La Liga,14:30,Yellow Card,Bad Behaviour,1
Víctor Ruíz Torre,16079,2018/2019,La Liga,10:35,Yellow Card,Foul Committed,1
Erick Cathriel Cabaco Almada,16095,2018/2019,La Liga,75:31,Red Card,Foul Committed,2
Ander Guevara Lajo,303479,2019/2020,La Liga,75:51,Yellow Card,Foul Committed,2
Lionel Andrés Messi Cuccittini,3773585,2020/2021,La Liga,91:54,Yellow Card,Bad Behaviour,2
Tie Li,3749493,2003/2004,Premier League,78:54,Yellow Card,Foul Committed,2
Tie Li,3749493,2003/2004,Premier League,86:46,Second Yellow,Foul Committed,2
Ashley Cole,3749233,2003/2004,Premier League,89:14,Yellow Card,Bad Behaviour,2
Sulzeer Jeremiah ''Sol' Campbell,3749296,2003/2004,Premier League,09:31,Yellow Card,Foul Committed,1
Mark Anthony Delaney,3749133,2003/2004,Premier League,28:24,Yellow Card,Bad Behaviour,1
Marc-André ter Stegen,303696,2019/2020,La Liga,16:14,Yellow Card,Bad Behaviour,1
Jordi Alba Ramos,303516,2019/2020,La Liga,11:47,Yellow Card,Foul Committed,1
Sergio Busquets i Burgos,303479,2019/2020,La Liga,87:15,Yellow Card,Foul Committed,2
Sergio Busquets i Burgos,303487,2019/2020,La Liga,86:59,Yellow Card,Foul Committed,2
Clément Lenglet,3773585,2020/2021,La Liga,27:30,Yellow Card,Foul Committed,1
Sergio Busquets i Burgos,16056,2018/2019,La Liga,58:59,Yellow Card,Bad Behaviour,2
Gerard Piqué Bernabéu,303516,2019/2020,La Liga,95:19,Yellow Card,Bad Behaviour,2
Álvaro González Soberón,16079,2018/2019,La Liga,25:45,Yellow Card,Foul Committed,1
Jordi Alba Ramos,3773428,2020/2021,La Liga,85:31,Yellow Card,Foul Committed,2
Damián Nicolás Suárez Suárez,16120,2018/2019,La Liga,60:45,Yellow Card,Foul Committed,2
Laureano Bisan-Etame Mayer,3749276,2003/2004,Premier League,58:48,Yellow Card,Foul Committed,2
Gerard Piqué Bernabéu,303479,2019/2020,La Liga,60:30,Yellow Card,Foul Committed,2
José Ignacio Peleteiro Ramallo,3773386,2020/2021,La Liga,14:29,Yellow Card,Foul Committed,1
José Ignacio Peleteiro Ramallo,3773386,2020/2021,La Liga,61:33,Second Yellow,Foul Committed,2
Patrick Vieira,3749133,2003/2004,Premier League,54:39,Yellow Card,Foul Committed,2
Pablo Fornals Malla,16079,2018/2019,La Liga,89:23,Yellow Card,Foul Committed,2
Gerard Piqué Bernabéu,16190,2018/2019,La Liga,36:43,Yellow Card,Foul Committed,1
Ronald Federico Araújo da Silva,303473,2019/2020,La Liga,86:27,Red Card,Foul Committed,2
Ivan Rakitić,16056,2018/2019,La Liga,43:10,Yellow Card,Foul Committed,1
Ivan Rakitić,16056,2018/2019,La Liga,80:56,Second Yellow,Foul Committed,2
Patrick Vieira,3749493,2003/2004,Premier League,40:16,Yellow Card,Foul Committed,1
Samuel Yves Umtiti,303516,2019/2020,La Liga,52:21,Yellow Card,Foul Committed,2
Arturo Erasmo Vidal Pardo,15973,2018/2019,La Liga,87:18,Yellow Card,Foul Committed,2
Leandro Daniel Cabrera Sasía,16120,2018/2019,La Liga,68:06,Yellow Card,Foul Committed,2
Lionel Andrés Messi Cuccittini,303479,2019/2020,La Liga,41:17,Yellow Card,Foul Committed,1
Clément Lenglet,3773428,2020/2021,La Liga,59:58,Yellow Card,Foul Committed,2
Alejandro Blanco Sánchez,3773377,2020/2021,La Liga,50:56,Yellow Card,Foul Committed,1
Deyverson Brum Silva Acosta,3773386,2020/2021,La Liga,21:04,Yellow Card,Foul Committed,1
Sergio Ramos García,16196,2018/2019,La Liga,60:08,Yellow Card,Foul Committed,2
Samuel Yves Umtiti,303487,2019/2020,La Liga,23:56,Yellow Card,Foul Committed,1
Sulzeer Jeremiah ''Sol' Campbell,3749493,2003/2004,Premier League,24:23,Red Card,Foul Committed,1
Joaquín Navarro Jiménez,16275,2018/2019,La Liga,55:08,Yellow Card,Foul Committed,2
Jordi Alba Ramos,16120,2018/2019,La Liga,13:03,Yellow Card,Foul Committed,1
Lionel Andrés Messi Cuccittini,303487,2019/2020,La Liga,39:51,Yellow Card,Foul Committed,1
Clément Lenglet,303479,2019/2020,La Liga,15:03,Yellow Card,Foul Committed,1
Kolo Habib Touré,3749296,2003/2004,Premier League,76:11,Yellow Card,Foul Committed,2
Sergio Busquets i Burgos,16289,2018/2019,La Liga,90:31,Yellow Card,Foul Committed,2
Luis Carlos Correia Pinto,15973,2018/2019,La Liga,25:38,Yellow Card,Foul Committed,1
Nemanja Maksimović,16120,2018/2019,La Liga,76:26,Yellow Card,Foul Committed,2
Sergi Roberto Carnicer,303487,2019/2020,La Liga,51:00,Yellow Card,Foul Committed,2
Arturo Erasmo Vidal Pardo,16056,2018/2019,La Liga,72:43,Yellow Card,Foul Committed,2
Arturo Erasmo Vidal Pardo,16306,2018/2019,La Liga,75:30,Yellow Card,Foul Committed,2
Sergio Busquets i Burgos,3773386,2020/2021,La Liga,43:12,Yellow Card,Foul Committed,1
Fredrik Ljungberg,3749454,2003/2004,Premier League,73:34,Yellow Card,Bad Behaviour,2
Gerard Piqué Bernabéu,16289,2018/2019,La Liga,69:21,Yellow Card,Foul Committed,2
José Ignacio Fernández Iglesias,3773585,2020/2021,La Liga,36:15,Yellow Card,Foul Committed,1
Sulzeer Jeremiah ''Sol' Campbell,3749274,2003/2004,Premier League,41:23,Yellow Card,Foul Committed,1
Arturo Erasmo Vidal Pardo,16120,2018/2019,La Liga,64:01,Yellow Card,Foul Committed,2
Lionel Andrés Messi Cuccittini,3773386,2020/2021,La Liga,39:05,Yellow Card,Bad Behaviour,1
Ivan Rakitić,16289,2018/2019,La Liga,13:15,Yellow Card,Foul Committed,1
Roque Mesa Quevedo,16190,2018/2019,La Liga,89:38,Yellow Card,Bad Behaviour,2
Marco Asensio Willemsen,16196,2018/2019,La Liga,81:14,Yellow Card,Foul Committed,2
Carlos Henrique Casimiro,3773585,2020/2021,La Liga,18:37,Yellow Card,Foul Committed,1
