event_id,id,name,match_id,season,competition,team,formation
35787a85-2fad-4cdc-a899-01e68cac3437,36,Tactical Shift,303548,2019/2020,La Liga,Mallorca,442
20422035-9158-4f34-9740-ec288832f7da,35,Starting XI,3773547,2020/2021,La Liga,Barcelona,433
2a451c81-4437-47fb-887d-a649aa102ea4,35,Starting XI,3773415,2020/2021,La Liga,Cádiz,4141
bb88d401-dac5-480a-834a-7ea5fdd3482b,36,Tactical Shift,16196,2018/2019,La Liga,Real Madrid,4231
bb1b165c-5526-4db6-b849-c51e11647f8d,35,Starting XI,303707,2019/2020,La Liga,Barcelona,41212
1fa813aa-1359-4df6-96f7-069fa7242a26,36,Tactical Shift,303600,2019/2020,La Liga,Real Valladolid,41212
11098fbd-4121-4503-9ae3-d432d6f647e4,35,Starting XI,15973,2018/2019,La Liga,Barcelona,433
6486a904-af28-48e4-ad2a-f73cc7237dff,36,Tactical Shift,3749434,2003/2004,Premier League,Arsenal,442
9ba44aef-4004-4cee-8ef0-bece69b7cfa1,36,Tactical Shift,3749196,2003/2004,Premier League,Arsenal,41212
4c8f4307-2f43-4136-b8ae-9f5e4f9c99b8,36,Tactical Shift,3773565,2020/2021,La Liga,Barcelona,433
6671fa2c-bebe-4849-8131-8c53b18d9108,35,Starting XI,303377,2019/2020,La Liga,Barcelona,433
d2829bfb-24c5-49d7-b29a-9a0bd696637e,36,Tactical Shift,303666,2019/2020,La Liga,Barcelona,4231
3ffa05fd-8046-46cb-97c9-5add5a15ac74,36,Tactical Shift,15946,2018/2019,La Liga,Barcelona,433
f7c60ec5-48aa-40f5-b8e8-8e1ffe24b76a,35,Starting XI,3773428,2020/2021,La Liga,Cádiz,4141
99911264-a81a-4eb0-9d26-b011a42510d1,36,Tactical Shift,3773672,2020/2021,La Liga,Sevilla,433
d5c25be3-487e-40a0-887d-f5d274d2d57b,35,Starting XI,3764440,2020/2021,La Liga,Elche,343
6354f52c-207c-43f4-a154-a56acb352185,35,Starting XI,3749465,2003/2004,Premier League,Blackburn Rovers,442
f2c941ff-922b-4296-a1b9-a494f394229b,35,Starting XI,16073,2018/2019,La Liga,Barcelona,442
3637e881-5297-496e-b1f4-9b5917d5c66f,35,Starting XI,3773631,2020/2021,La Liga,Barcelona,433
b7bf7c05-7894-4003-9dab-a3bca8570498,36,Tactical Shift,3749462,2003/2004,Premier League,Birmingham City,451
eac8502f-c98b-4b1e-a205-cddd0720931c,36,Tactical Shift,16073,2018/2019,La Liga,Barcelona,442
a621d181-794b-47db-9a06-7e1726292d1b,35,Starting XI,16173,2018/2019,La Liga,Athletic Club,4231
88c95937-1452-4001-b934-7b37c0054ee3,36,Tactical Shift,3749434,2003/2004,Premier League,Birmingham City,442
3a52e732-078b-44af-98af-9ce42a6c5def,35,Starting XI,3773661,2020/2021,La Liga,Barcelona,352
d7c3fe52-ca16-4c37-9aad-41e8811088c6,36,Tactical Shift,303725,2019/2020,La Liga,Barcelona,433
882f89fa-fc7c-4ee0-9f39-f345e052fb00,36,Tactical Shift,303664,2019/2020,La Liga,Barcelona,433
169aa423-72a2-431c-8dc9-132edbfa893a,35,Starting XI,3773665,2020/2021,La Liga,Barcelona,352
4b9ac8f4-c13e-49ad-b38a-721495d9e633,35,Starting XI,303493,2019/2020,La Liga,Athletic Club,4231
7ea2e17a-59b7-492e-b9f8-a41c65d90089,36,Tactical Shift,3773695,2020/2021,La Liga,Valencia,442
4cd029d7-a318-41e7-b54b-0dce6ea9b5af,35,Starting XI,16095,2018/2019,La Liga,Levante UD,3412
cd3c4700-87ac-49ce-aa20-f3565ec2840c,36,Tactical Shift,16095,2018/2019,La Liga,Barcelona,3511
f711a47e-fe72-4dfd-9ee7-1f2224043461,36,Tactical Shift,303700,2019/2020,La Liga,Barcelona,433
7c36a11d-af95-4873-a36c-03ccd0acae4b,36,Tactical Shift,16190,2018/2019,La Liga,Barcelona,4231
a74a9d07-18d0-4118-9bc8-26b220efd927,35,Starting XI,3749453,2003/2004,Premier League,Leeds United,442
d56b4a50-54c4-42e3-9136-059ed2f67967,36,Tactical Shift,303682,2019/2020,La Liga,Levante UD,442
6342e663-c61e-4cae-b036-d24e5768cfbd,35,Starting XI,3749358,2003/2004,Premier League,Middlesbrough,442
779da12c-1e5a-43dd-8b92-eba8ade8e2e6,35,Starting XI,16120,2018/2019,La Liga,Getafe,442
50114a87-db28-4cfa-a93d-b0e7a2acc77b,36,Tactical Shift,3773565,2020/2021,La Liga,Granada,4231
b4d4b45a-9c5f-4b07-a886-4fb7d3c2f84b,35,Starting XI,3773372,2020/2021,La Liga,Barcelona,352
eaacb458-bdab-4f88-ad35-789a55db2e43,35,Starting XI,303680,2019/2020,La Liga,Barcelona,41212
b26e15e1-ffdd-482f-9dce-3ccb87fc8d89,35,Starting XI,303680,2019/2020,La Liga,Real Valladolid,41212
ef2c4361-fc15-4d99-9622-b12e3fe0b951,35,Starting XI,303600,2019/2020,La Liga,Real Valladolid,3412
c2c09003-c0b4-45e8-80bf-1be9c57ba7a9,35,Starting XI,3749253,2003/2004,Premier League,Arsenal,442
7f287319-1b3f-4857-a2a1-8e08fae7067b,35,Starting XI,303504,2019/2020,La Liga,Barcelona,433
fa230b58-297b-499f-8ab8-3bd675665c3b,35,Starting XI,3773369,2020/2021,La Liga,Huesca,352
bb1e1354-5242-4f5a-b080-f5cc410cb4b4,35,Starting XI,303600,2019/2020,La Liga,Barcelona,433
9684e340-dd29-47a8-b93b-4014236b3093,35,Starting XI,303504,2019/2020,La Liga,Levante UD,442
8db26133-aca6-495c-ac2e-7012b88c5d6c,35,Starting XI,3773387,2020/2021,La Liga,Levante UD,442
ede1f6c5-68f2-4856-a4fd-a861421a37ea,35,Starting XI,303487,2019/2020,La Liga,Celta Vigo,352
a895edcb-4e54-4132-a182-0b53411fae0e,35,Starting XI,303725,2019/2020,La Liga,Barcelona,41212
45198b66-421e-4790-b864-4627f33df7eb,36,Tactical Shift,303377,2019/2020,La Liga,Getafe,442
76f595b7-1b01-4a1e-8a02-c14052ad4dd2,36,Tactical Shift,3749133,2003/2004,Premier League,Arsenal,433
72430016-0e5f-4b77-abbd-11352f6ef332,35,Starting XI,16306,2018/2019,La Liga,Barcelona,433
14aaf3af-d212-4c38-9d1f-951b50cad37a,35,Starting XI,3749274,2003/2004,Premier League,Arsenal,442
f741c203-df2d-4bff-b6c8-c73cd379608f,35,Starting XI,3749246,2003/2004,Premier League,Manchester United,4411
9fb355ea-f045-4727-81aa-3ba0ac1e8478,35,Starting XI,3749274,2003/2004,Premier League,Portsmouth,442
99e385c1-8e34-4496-b190-aa8c4250cf05,36,Tactical Shift,16173,2018/2019,La Liga,Athletic Club,4231
9c662ea6-e7f9-49a9-8c97-974c809b7ed8,35,Starting XI,16095,2018/2019,La Liga,Barcelona,3511
7ea94dfd-7e7f-44b8-9a53-1dbc7deecfc0,35,Starting XI,16240,2018/2019,La Liga,Barcelona,433
00523e87-4db9-4ff5-a538-c7e7dc68ca73,36,Tactical Shift,16095,2018/2019,La Liga,Levante UD,4411
66e0ed7f-044a-492a-a8b7-cb86ba92c14a,35,Starting XI,303430,2019/2020,La Liga,Barcelona,433
3e53ec64-d741-4ca5-9059-85ce797b057d,35,Starting XI,303664,2019/2020,La Liga,Barcelona,433
3fddf19a-7d96-457f-ba74-11c446731b33,35,Starting XI,303664,2019/2020,La Liga,Real Sociedad,4141
9967a021-3ac7-4243-8447-805dff410a0e,36,Tactical Shift,16073,2018/2019,La Liga,Barcelona,442
298c5245-2362-486c-ac93-dbb1611b75b2,35,Starting XI,3749346,2003/2004,Premier League,Leeds United,442
07a3ee14-8122-4cfa-90cc-c7e6a5476ab3,35,Starting XI,303596,2019/2020,La Liga,Real Madrid,41212
a683273f-fdc3-4d25-9243-b33fa50d2dfb,35,Starting XI,303451,2019/2020,La Liga,Mallorca,442
28dead8d-fd03-4ed3-9318-b3c7d6e38e5f,36,Tactical Shift,16029,2018/2019,La Liga,Sevilla,32122
8ee1ec19-067a-47cf-bb30-a83e2de1c5d5,35,Starting XI,16190,2018/2019,La Liga,Barcelona,41221
a047beea-0513-4af6-a234-ce08f0f46a5f,36,Tactical Shift,16149,2018/2019,La Liga,Girona,41212
58310656-5008-4320-be81-2bc3f00b45da,35,Starting XI,303421,2019/2020,La Liga,Deportivo Alavés,442
e9f48bc8-32f9-407d-8109-4f73b735bd1d,35,Starting XI,16265,2018/2019,La Liga,Barcelona,433
76ca3a40-565f-410f-8073-946fc0e5d244,36,Tactical Shift,303615,2019/2020,La Liga,Barcelona,41212
eb724d72-2136-41b0-9534-82b12232d7be,36,Tactical Shift,3749493,2003/2004,Premier League,Arsenal,442
a57472ff-3b0d-4bee-a6a0-7a5069302d22,35,Starting XI,16010,2018/2019,La Liga,Barcelona,433
d8c32d32-494b-4ae1-bb0c-d2f738952e3c,35,Starting XI,3749257,2003/2004,Premier League,Leicester City,442
8147170f-da1a-4299-8b23-c435d578b921,36,Tactical Shift,16190,2018/2019,La Liga,Sevilla,3421
37484cd8-be4f-4efb-b196-dbba4becb58a,35,Starting XI,3749278,2003/2004,Premier League,Arsenal,442
0832e91e-5a70-4b02-8877-505a20db069e,36,Tactical Shift,3773565,2020/2021,La Liga,Granada,4231
2d42b07b-a2dd-449d-932e-665ca5155f24,35,Starting XI,3773497,2020/2021,La Liga,Barcelona,343
ad90317e-7b7c-4a69-a0a1-6e5fea455b2d,35,Starting XI,3773474,2020/2021,La Liga,Barcelona,3421
235aa8bd-06db-417e-8e4a-14a5300131f4,35,Starting XI,16086,2018/2019,La Liga,Barcelona,41221
c0c95230-0692-484e-af44-af73b2897712,35,Starting XI,3773631,2020/2021,La Liga,Real Betis,4231
a092f074-eedb-4a41-9f6b-0b7f8c6127be,36,Tactical Shift,16131,2018/2019,La Liga,Barcelona,433
17813ca1-b402-46b2-8d98-9d5c5f1df26f,35,Starting XI,16215,2018/2019,La Liga,Barcelona,442
afa4d257-bc08-481f-ab2d-ffe890377d99,36,Tactical Shift,16196,2018/2019,La Liga,Barcelona,433
411f76a3-d763-4b92-80e0-3e40dd4227a3,36,Tactical Shift,303715,2019/2020,La Liga,Barcelona,4231
b6b1c93c-8205-4517-b1c1-7fa1e89bd2cc,36,Tactical Shift,3773387,2020/2021,La Liga,Levante UD,442
90e5633e-3e63-44bc-b34a-46f4ac8e0cdf,36,Tactical Shift,3773631,2020/2021,La Liga,Barcelona,4231
92735129-4fff-46ae-bdf9-cde84797f7be,36,Tactical Shift,16275,2018/2019,La Liga,Barcelona,433
a4de59fd-bd90-4d8e-9bda-bd6a99cfecff,36,Tactical Shift,3749346,2003/2004,Premier League,Arsenal,442
83881f10-3de1-451d-a3c3-968fc7e9b0ed,36,Tactical Shift,16173,2018/2019,La Liga,Athletic Club,4231
7cea7d7f-7c53-4a71-90ec-b8cac7f417a8,36,Tactical Shift,16306,2018/2019,La Liga,Barcelona,442
2c270a13-9592-4d06-b5a3-68ac56cae065,36,Tactical Shift,3773586,2020/2021,La Liga,Barcelona,4141
396bee1d-8571-4074-9dca-f933ec47679e,36,Tactical Shift,16265,2018/2019,La Liga,Real Sociedad,433
fa323f55-2b2c-4c2e-84e2-21efe0d60dca,35,Starting XI,303400,2019/2020,La Liga,Barcelona,352
5c4966d5-1e26-455d-b85b-8fe05686e777,35,Starting XI,303400,2019/2020,La Liga,Valencia,442
41324c0b-7147-499f-a4a5-0c27ca9eb4dd,35,Starting XI,3773586,2020/2021,La Liga,Granada,343
428373db-c403-4802-80c4-caaee82cb08c,36,Tactical Shift,15956,2018/2019,La Liga,Real Valladolid,442
7e642c09-b07a-47ae-892e-b55df07d4c18,35,Starting XI,3773586,2020/2021,La Liga,Barcelona,352
2bb933a9-8a0b-4cbf-8c8c-fa40816ed359,35,Starting XI,15956,2018/2019,La Liga,Real Valladolid,41212
4ebf0c8d-a456-4d27-90ac-e5c57ee8858d,36,Tactical Shift,16190,2018/2019,La Liga,Barcelona,4231
a0e4160a-e3b4-462a-9f27-36e81ca877a5,35,Starting XI,3773377,2020/2021,La Liga,Barcelona,4141
a1af69b2-5f1e-41c8-929b-446dc3ad4264,35,Starting XI,3773377,2020/2021,La Liga,Valencia,442
de57ef12-2d52-469f-a7ba-8e34f5e72b18,35,Starting XI,3749153,2003/2004,Premier League,Middlesbrough,442
17ec256b-abd2-4c9f-986b-e4c9c05264b6,36,Tactical Shift,3773587,2020/2021,La Liga,Barcelona,4231
050cd9a8-7ede-4f9d-806d-cd76352c0403,36,Tactical Shift,3773466,2020/2021,La Liga,Barcelona,4231
ee917936-9c91-4680-92ec-1b5f2467667d,35,Starting XI,303682,2019/2020,La Liga,Levante UD,442
eae9e4da-8943-4eb9-a7bf-20a5ae54cca2,35,Starting XI,3773369,2020/2021,La Liga,Barcelona,3421
caf6d623-9aca-405c-b515-e0d46fcb3499,36,Tactical Shift,3749552,2003/2004,Premier League,Manchester United,4231
87526918-8b52-42b1-be8c-2b02752bb1a9,35,Starting XI,3749526,2003/2004,Premier League,Arsenal,442
f2493899-fb0d-427d-b9c7-4c9b606e621f,36,Tactical Shift,3773571,2020/2021,La Liga,Real Valladolid,442
073b74b2-ccb4-496a-be59-43937f64ab1c,35,Starting XI,3749526,2003/2004,Premier League,Charlton Athletic,442
e938206f-27dd-4e99-af66-a39076ad1ed4,35,Starting XI,303421,2019/2020,La Liga,Barcelona,433
8d1625df-7487-411c-a8f6-4afeb5e67ee6,36,Tactical Shift,16136,2018/2019,La Liga,Barcelona,4231
7e54c6b6-64a8-4d19-a46e-80b855c7b2a2,35,Starting XI,3749522,2003/2004,Premier League,Wolverhampton Wanderers,451
85b0fce4-a85f-4c74-9105-1085c106c6af,36,Tactical Shift,3749590,2003/2004,Premier League,Arsenal,442
f039cdc9-9ef4-4b3b-8907-b6293a55829c,36,Tactical Shift,303615,2019/2020,La Liga,Espanyol,41212
5116d4c6-bb0a-4cd4-8f86-7aed32ff79c5,36,Tactical Shift,303487,2019/2020,La Liga,Barcelona,433
cd0c4ea5-526a-4e9a-a83a-b3a3936763b3,35,Starting XI,16248,2018/2019,La Liga,Barcelona,433
9e8ae3c9-afb2-4a26-a7a8-6e8415c3045a,36,Tactical Shift,3749117,2003/2004,Premier League,Arsenal,442
73db86ee-6b12-4e23-a757-33dbd1a18e5d,36,Tactical Shift,303682,2019/2020,La Liga,Barcelona,4141
3139ca7c-d9ad-4d1f-9711-55b95011569e,36,Tactical Shift,3749454,2003/2004,Premier League,Manchester City,442
2c37a3ee-2220-4c07-a4f9-aa37244d995e,36,Tactical Shift,3773586,2020/2021,La Liga,Barcelona,4231
1154618d-63ad-429f-bbeb-6ce0536ac23a,36,Tactical Shift,16182,2018/2019,La Liga,Real Valladolid,3412
373a61f3-dc71-4795-86a0-3d90b9c8397f,36,Tactical Shift,3749465,2003/2004,Premier League,Blackburn Rovers,442
dfaf4123-9b3f-4d16-af08-5cbb583ab8cb,36,Tactical Shift,3749257,2003/2004,Premier League,Leicester City,442
f70315a6-256a-4f45-91c2-57390edadf54,36,Tactical Shift,3749522,2003/2004,Premier League,Arsenal,442
0c179387-d664-4dd1-844c-0a87cf6fef4b,36,Tactical Shift,3749590,2003/2004,Premier League,Arsenal,3412
97e816fd-5bf8-4348-9d7b-78d95b8031d0,36,Tactical Shift,303548,2019/2020,La Liga,Barcelona,433
0603e956-98a8-481f-9f7e-d66025780cad,35,Starting XI,3749590,2003/2004,Premier League,Leicester City,442
b26f58cd-c8f5-488d-ae39-c07af66b2956,36,Tactical Shift,3749465,2003/2004,Premier League,Arsenal,433
c36b2163-9e36-426f-8397-675b557c0474,35,Starting XI,16275,2018/2019,La Liga,Deportivo Alavés,343
ff33f7e5-f417-4731-9e74-8d4ec249de56,36,Tactical Shift,3749079,2003/2004,Premier League,Chelsea,442
c0c42505-3aea-4de5-b24d-073d382cf91b,35,Starting XI,16023,2018/2019,La Liga,Barcelona,433
3e8f75bc-1699-458c-950d-544804bfbf8c,35,Starting XI,3749108,2003/2004,Premier League,Arsenal,442
7ef22c88-4464-4cfa-89fd-ab9456c1384c,36,Tactical Shift,3773415,2020/2021,La Liga,Barcelona,433
5bad6c21-0727-440c-b112-2a1b8b9ee9ec,36,Tactical Shift,303524,2019/2020,La Liga,Barcelona,433
ff411f4f-1b3b-4d85-b5ae-5ad69a78e767,35,Starting XI,303517,2019/2020,La Liga,Barcelona,433
34ce2e0e-d730-4995-b34d-7fb972defd13,35,Starting XI,16109,2018/2019,La Liga,Celta Vigo,442
3759f282-67be-42cb-8d36-f713b727f714,36,Tactical Shift,3773466,2020/2021,La Liga,Celta Vigo,4231
21e8b625-3428-41c9-9a23-123097f14b5e,35,Starting XI,3773565,2020/2021,La Liga,Granada,4231
3a58c017-41d1-4316-87f5-e7d1ff7a3a8a,36,Tactical Shift,303516,2019/2020,La Liga,Celta Vigo,3421
91d81cb6-dabb-4360-a1ce-502e5235406c,36,Tactical Shift,303600,2019/2020,La Liga,Barcelona,433
ddb71dff-d3e6-4737-a19f-cf815d36b2e1,36,Tactical Shift,303596,2019/2020,La Liga,Barcelona,433
2f5fae8c-fc9b-4319-914a-884e71023c3b,35,Starting XI,3773386,2020/2021,La Liga,Barcelona,4231
d5df1394-b93a-4ec6-838b-4e4ad0910d99,36,Tactical Shift,3749493,2003/2004,Premier League,Everton,4231
5938b54f-64d3-4636-b2f7-e63d3d92ab1b,36,Tactical Shift,3773466,2020/2021,La Liga,Celta Vigo,352
cb9f83ef-1ca2-4d43-951a-1af7b4127cce,36,Tactical Shift,303430,2019/2020,La Liga,Barcelona,433
7b7c29be-25a9-452b-8c28-cd51080003c1,35,Starting XI,3749296,2003/2004,Premier League,Arsenal,442
4b75abec-7e9b-4dfd-a884-3e247844a09c,35,Starting XI,3773403,2020/2021,La Liga,Barcelona,4231
ce900143-6f72-462f-b5f7-cf8dd6b987bb,35,Starting XI,16289,2018/2019,La Liga,Levante UD,4141
fe031f44-e539-4a97-82d3-0bf85d991801,35,Starting XI,3773523,2020/2021,La Liga,Real Sociedad,433
53fa9c1e-dd11-45c3-bfcb-206908a631e4,35,Starting XI,3773523,2020/2021,La Liga,Barcelona,4231
2cd6b101-c705-4392-bbeb-4b6a1e34da49,36,Tactical Shift,3749276,2003/2004,Premier League,Arsenal,352
a3370972-674c-47f2-b451-f49a8283648e,36,Tactical Shift,3749079,2003/2004,Premier League,Chelsea,442
eca6a030-6ca1-40f8-a7cc-abcb0306e5f8,35,Starting XI,303516,2019/2020,La Liga,Celta Vigo,352
745ef8bb-3a10-4a7c-ac36-1334e8df2d28,35,Starting XI,303731,2019/2020,La Liga,Eibar,4231
93b01426-9486-45fd-8dee-f5023d028680,36,Tactical Shift,303504,2019/2020,La Liga,Barcelona,4231
a02bd210-88fa-46f7-bafb-9702b9ca63da,35,Starting XI,16196,2018/2019,La Liga,Real Madrid,433
4e3614ff-d205-4ecc-863e-1e612f5394be,36,Tactical Shift,303634,2019/2020,La Liga,Osasuna,3511
5d11c5ee-d770-4309-814f-85461a552cec,35,Starting XI,3749631,2003/2004,Premier League,Southampton,442
a306772c-f64e-411e-828e-eee2d194b501,35,Starting XI,16205,2018/2019,La Liga,Barcelona,433
81542f48-018b-4953-bf49-ea96f48d2dd3,36,Tactical Shift,303377,2019/2020,La Liga,Barcelona,41212
37358f6f-00e7-45a9-be04-c5c42b521005,35,Starting XI,3749454,2003/2004,Premier League,Arsenal,442
280436a1-1b6c-49b8-b8e2-cf820b6239da,35,Starting XI,3749454,2003/2004,Premier League,Manchester City,442
ef0f5553-498a-44ce-8dc8-5a6a7a2c7b1e,36,Tactical Shift,16086,2018/2019,La Liga,Barcelona,41221
59edca6d-1025-4bec-93a1-a802e905ee3b,36,Tactical Shift,303473,2019/2020,La Liga,Barcelona,433
e58f4c39-c023-4b4c-8232-8ed49301dc5f,35,Starting XI,3749296,2003/2004,Premier League,Portsmouth,442
8172f389-bbcf-4d68-8169-975249a62a80,36,Tactical Shift,16248,2018/2019,La Liga,Barcelona,433
a62f1449-6859-4d44-ae0a-b1f6e9ba2326,36,Tactical Shift,3773369,2020/2021,La Liga,Huesca,3511
1f8fa18f-63d5-4db4-a1da-172680bbd07b,36,Tactical Shift,15978,2018/2019,La Liga,Real Sociedad,442
adbf520d-fe67-4b5b-b17b-f9434f7312c9,35,Starting XI,16079,2018/2019,La Liga,Barcelona,4141
5324d5a2-9934-4671-a00b-f8077415f3b1,36,Tactical Shift,16095,2018/2019,La Liga,Levante UD,442
253f30f7-009b-4115-ad79-c2cad59244d4,35,Starting XI,303451,2019/2020,La Liga,Barcelona,433
a0b1d2b0-a39b-4ebb-ae00-193263704e9f,35,Starting XI,3773466,2020/2021,La Liga,Celta Vigo,352
b721672c-14e8-4275-a09d-520c50435908,35,Starting XI,3773597,2020/2021,La Liga,Real Sociedad,343
129dbbf1-1faf-48cd-a550-022a5154cb90,35,Starting XI,15978,2018/2019,La Liga,Barcelona,433
fd73027d-f6bc-43ff-8170-9f780e460114,36,Tactical Shift,3773477,2020/2021,La Liga,Real Betis,4231
4e9e6c47-779e-49ce-8098-e2e724f1e938,36,Tactical Shift,16205,2018/2019,La Liga,Barcelona,4231
844e050e-d680-4d7b-9732-8989badd8a33,35,Starting XI,303479,2019/2020,La Liga,Real Sociedad,4231
31f408d6-6b40-4580-87f4-0484c92d1ba3,35,Starting XI,3773593,2020/2021,La Liga,Villarreal,442
9ddcd4dc-2487-4230-b24a-d40cfbb65d58,36,Tactical Shift,303725,2019/2020,La Liga,Villarreal,4231
a7931c09-c8bd-4e81-bfa6-1fe96092ecdd,36,Tactical Shift,3749246,2003/2004,Premier League,Manchester United,4411
fc69953c-bada-4a0b-8c5b-c62a2fcda6ea,36,Tactical Shift,303487,2019/2020,La Liga,Barcelona,433
ebf5f44f-af32-46d5-98ad-0d40702de55d,36,Tactical Shift,15973,2018/2019,La Liga,Huesca,4411
da26ad05-7a0d-4248-9437-8a5c237a8409,36,Tactical Shift,303470,2019/2020,La Liga,Barcelona,433
69ba94b2-1ab5-4aa1-9fc6-d40792b6e078,36,Tactical Shift,3773661,2020/2021,La Liga,Barcelona,352
13384fd3-4b21-4af8-87ab-b4859ee020b6,36,Tactical Shift,16205,2018/2019,La Liga,Rayo Vallecano,4141
0d407d46-ea6d-4a9b-942a-34a502026690,36,Tactical Shift,3764440,2020/2021,La Liga,Barcelona,4231
e9cc1d3a-2f99-4818-95c9-282b6d27a179,36,Tactical Shift,16109,2018/2019,La Liga,Barcelona,433
1abe7dae-ad7e-4fef-a992-ac8aae991ffa,35,Starting XI,303610,2019/2020,La Liga,Granada,4231
0e973742-2c62-4e61-b7cb-6cb33bdefef0,36,Tactical Shift,16120,2018/2019,La Liga,Barcelona,41221
04184f8b-76b9-4602-9632-a7ab67fe01a5,36,Tactical Shift,3773369,2020/2021,La Liga,Huesca,3511
9445ae16-7c10-4b72-9f8d-681524423ddc,35,Starting XI,303610,2019/2020,La Liga,Barcelona,352
962371ae-3cbb-4a50-9379-c73b40ece1af,35,Starting XI,303517,2019/2020,La Liga,Deportivo Alavés,4411
022e15a0-57a7-4f15-ba4a-12c510d9e644,36,Tactical Shift,3773660,2020/2021,La Liga,Barcelona,4231
a0369479-df32-47a2-9098-a30006965168,36,Tactical Shift,16190,2018/2019,La Liga,Sevilla,42211
7dc754a0-2224-4aa5-9f9f-76d0dc2b91dd,36,Tactical Shift,16275,2018/2019,La Liga,Deportivo Alavés,433
ed34b3ee-c0d2-4ff9-a710-14ad3b2218ca,35,Starting XI,16289,2018/2019,La Liga,Barcelona,433
48754564-0777-4f89-82ee-7488434b64e8,36,Tactical Shift,16029,2018/2019,La Liga,Sevilla,32122
75741c19-1bb4-40b3-bede-5cc79f63204b,36,Tactical Shift,303715,2019/2020,La Liga,Barcelona,4231
d0cd5861-053a-4b15-a7bf-fd4248e2da9d,35,Starting XI,16317,2018/2019,La Liga,Eibar,442
1139c718-084e-426c-a3dd-a28d51bb851e,36,Tactical Shift,3773377,2020/2021,La Liga,Barcelona,4231
5a31a73b-1ddf-407e-9261-bd449192fd8a,35,Starting XI,3749552,2003/2004,Premier League,Manchester United,4321
7086e446-231d-4a93-98ef-b3c21a418931,36,Tactical Shift,3749117,2003/2004,Premier League,Arsenal,442
cf42b6a7-a944-4fe2-bb57-2f69aeb6f344,36,Tactical Shift,16073,2018/2019,La Liga,Barcelona,442
a3ae66ef-e23c-4048-9b73-1f9cebe69aa7,36,Tactical Shift,16248,2018/2019,La Liga,Atlético Madrid,41212
cf7e7256-4b7c-441d-8b29-4c5783a333c7,36,Tactical Shift,303516,2019/2020,La Liga,Celta Vigo,352
c1da157c-dac5-4cd6-8dd6-ca8e9e5eda9f,35,Starting XI,303487,2019/2020,La Liga,Barcelona,433
7b301987-e8f1-42c7-80c0-ffe8f2e8eafb,35,Starting XI,303473,2019/2020,La Liga,Barcelona,433
f938c9cd-6f51-4b2a-be0e-bc145f468d5e,36,Tactical Shift,15946,2018/2019,La Liga,Barcelona,433
a0f123fa-13da-412e-b9d8-69d35a777306,35,Starting XI,303696,2019/2020,La Liga,Atlético Madrid,442
10c5ce5a-123a-4b6a-931a-694b70377b2a,36,Tactical Shift,16205,2018/2019,La Liga,Barcelona,442
651e1a7a-e5fa-4f52-8f80-e846bce44c23,35,Starting XI,303715,2019/2020,La Liga,Barcelona,4231
e161549e-b9ad-4d79-b84d-fec490c51b39,35,Starting XI,303715,2019/2020,La Liga,Leganés,343
5575a4ef-f319-4e42-8b9a-69a2d190df13,35,Starting XI,303666,2019/2020,La Liga,Barcelona,433
1ffa29a1-9266-4b1d-99cb-a87c0ac1341c,36,Tactical Shift,3773660,2020/2021,La Liga,Barcelona,343
05754365-5e2f-44ba-b9fd-59eae635db02,35,Starting XI,303532,2019/2020,La Liga,Barcelona,433
08ae18b0-a612-47a8-ac5d-eaa620d223b5,36,Tactical Shift,303504,2019/2020,La Liga,Barcelona,433
17dd1acc-a112-4542-8397-80f5610bd5eb,36,Tactical Shift,303634,2019/2020,La Liga,Barcelona,433
eb8206a3-824f-430e-ac35-0d4704f59da6,36,Tactical Shift,15956,2018/2019,La Liga,Barcelona,442
59f95c8d-ccab-47a9-abb7-decd51fb765e,36,Tactical Shift,3773661,2020/2021,La Liga,Barcelona,352
7244b52b-51c9-4563-8446-5082da544a7d,35,Starting XI,3749431,2003/2004,Premier League,Arsenal,442
59764e6a-5b56-4d33-a2a4-3ff2a738a1bd,35,Starting XI,3773477,2020/2021,La Liga,Barcelona,442
cb92c788-4f10-4cce-8e50-ed4bb9a4bc1e,36,Tactical Shift,3773466,2020/2021,La Liga,Celta Vigo,352
94823405-febc-413b-aaa2-e39a53d357d3,35,Starting XI,16029,2018/2019,La Liga,Barcelona,433
4e2dcb1c-6012-4d4b-809e-48ba69b14e52,35,Starting XI,303524,2019/2020,La Liga,Barcelona,433
46fdfc27-09bf-4944-9fe0-20bb8f0a40dd,36,Tactical Shift,3773585,2020/2021,La Liga,Barcelona,352
34cff756-a233-4913-b521-0db28e99e584,36,Tactical Shift,3773474,2020/2021,La Liga,Barcelona,433
f16615a3-c65b-4761-b0cf-f51ce4ea6677,35,Starting XI,16190,2018/2019,La Liga,Sevilla,42211
5e931866-97f0-49dd-b92a-7991975c0933,36,Tactical Shift,3749462,2003/2004,Premier League,Arsenal,433
8175825a-bc74-43b9-b690-f6167b00bac6,36,Tactical Shift,3773552,2020/2021,La Liga,Barcelona,433
57487276-062a-4520-bb92-e6cec0b1ab9a,35,Starting XI,3749453,2003/2004,Premier League,Arsenal,442
a5f2213a-f0dd-4bb5-9c9e-f0a5ddd54b09,35,Starting XI,3773625,2020/2021,La Liga,Sevilla,4231
0aab7963-b891-4fbd-9749-12728356a652,35,Starting XI,303700,2019/2020,La Liga,Barcelona,433
49a7609a-6d96-4f5f-8a71-b40ef5fe70c9,36,Tactical Shift,3749493,2003/2004,Premier League,Arsenal,442
475f697d-0c3d-4d61-ac0b-1203d1a27a71,35,Starting XI,3773660,2020/2021,La Liga,Barcelona,4231
33ff4235-1563-465a-a638-f6c1a6e3f0b0,36,Tactical Shift,303652,2019/2020,La Liga,Espanyol,442
4294e30a-3323-40ae-bf6b-d15fad190978,36,Tactical Shift,16095,2018/2019,La Liga,Barcelona,3511
4d68a035-6d2b-45b2-9e63-abaec8918b08,36,Tactical Shift,3749274,2003/2004,Premier League,Arsenal,442
01e72363-a52a-4bf7-beda-505fc8f2f8ac,35,Starting XI,16265,2018/2019,La Liga,Real Sociedad,433
56f08d61-8019-4066-9dc0-7c1c8ed66c01,36,Tactical Shift,16010,2018/2019,La Liga,Barcelona,4231
40d68363-a5b2-42b1-b9bd-d8e7c19ad977,35,Starting XI,3773593,2020/2021,La Liga,Barcelona,4231
7c70200a-fef9-43b2-8b59-e4bbb3d02ec6,36,Tactical Shift,3773597,2020/2021,La Liga,Barcelona,3421
56387d40-ec2a-4f07-b38c-4ba4f8a482e8,36,Tactical Shift,16120,2018/2019,La Liga,Getafe,4222
3a81fec3-363d-4fda-9f6e-83df5969a6cc,36,Tactical Shift,303479,2019/2020,La Liga,Barcelona,451
6483008d-db53-4bfa-991c-29a23948560c,35,Starting XI,3749133,2003/2004,Premier League,Arsenal,442
f99d24e5-7b0d-43b4-82b7-67cb639c5b63,35,Starting XI,3749233,2003/2004,Premier League,Arsenal,442
5485c101-4dd7-4d32-a873-21e61b796c99,35,Starting XI,3749133,2003/2004,Premier League,Aston Villa,442
89af0e83-2fd9-4802-a356-b4928c3b4ab9,35,Starting XI,3773660,2020/2021,La Liga,Levante UD,442
cfa1328b-a3be-4bec-b717-9aa1f2ee25f9,36,Tactical Shift,303421,2019/2020,La Liga,Deportivo Alavés,4141
b2d99be6-06b0-47f3-a456-3f50af73219a,35,Starting XI,303524,2019/2020,La Liga,Atlético Madrid,442
eed6b579-77dd-4378-904b-9cd1758af124,35,Starting XI,3773585,2020/2021,La Liga,Real Madrid,433
9c91c56c-c645-434a-8211-4bc5edbd6201,36,Tactical Shift,303615,2019/2020,La Liga,Espanyol,352
35e4c279-bc39-4adc-9bf0-664b5f7a9b8e,35,Starting XI,303470,2019/2020,La Liga,Barcelona,442
63db0f97-d340-4fd3-bafa-e62f341cc0af,35,Starting XI,303470,2019/2020,La Liga,Real Madrid,4141
c51375e2-1c7c-4bd0-81ec-d47771f684f4,35,Starting XI,3773689,2020/2021,La Liga,Barcelona,352
8dcd2017-1a52-4fb6-b106-19245969cb0b,36,Tactical Shift,3773597,2020/2021,La Liga,Real Sociedad,343
91d0dad0-46d2-4dcd-9859-568db77c58b4,35,Starting XI,3773625,2020/2021,La Liga,Barcelona,352
e1b891f7-79d3-4672-8512-0bb427b96bd6,36,Tactical Shift,3764440,2020/2021,La Liga,Elche,343
52bc10ee-ad72-44b1-97e1-8be0b85a5f88,36,Tactical Shift,16109,2018/2019,La Liga,Celta Vigo,4231
942285fd-743d-4e41-8f4d-f6ec94b01303,36,Tactical Shift,16215,2018/2019,La Liga,Real Betis,3412
8ef5cdf0-6339-464a-b4ba-b899bfc7773e,36,Tactical Shift,3749192,2003/2004,Premier League,Fulham,4231
f619e4de-999a-4d66-abe1-9f4a2d58797d,36,Tactical Shift,3773386,2020/2021,La Liga,Barcelona,4231
67802f8e-ceca-4b26-896e-bbb37ed12fea,36,Tactical Shift,3749296,2003/2004,Premier League,Arsenal,442
527bfacc-ee8f-4720-b7c2-4e7e04910871,35,Starting XI,3773695,2020/2021,La Liga,Valencia,352
f77e84dd-7ccd-447b-aec1-860f702644b3,35,Starting XI,303479,2019/2020,La Liga,Barcelona,433
dd909b27-ce3f-4782-bd76-c6b9a1f2139d,36,Tactical Shift,303652,2019/2020,La Liga,Barcelona,4411
9815d71d-139d-430d-9c7a-5260db57773f,35,Starting XI,3749493,2003/2004,Premier League,Everton,442
d9e1c673-f629-4a1e-926c-3c85cf9ad829,36,Tactical Shift,3749453,2003/2004,Premier League,Arsenal,442
d78142c2-54c8-48fd-8346-67ab75d01a5e,35,Starting XI,3749493,2003/2004,Premier League,Arsenal,442
42ac0c71-9115-43f3-803e-28e2a81c4f42,35,Starting XI,3773387,2020/2021,La Liga,Barcelona,352
84ed3498-b0c6-4875-82bc-b64798bc9c2f,36,Tactical Shift,3773689,2020/2021,La Liga,Barcelona,352
9abef9be-db2a-4ad6-ba06-0e0578b7a1a6,35,Starting XI,3773661,2020/2021,La Liga,Getafe,433
bfce8fd4-6bc6-43a3-9522-f306a21842af,35,Starting XI,3749310,2003/2004,Premier League,Arsenal,442
cdf7db65-c66a-4236-babc-410913c5bcb0,36,Tactical Shift,3773665,2020/2021,La Liga,Barcelona,433
a9a73773-e57d-4166-a7fd-6b365bef2455,36,Tactical Shift,3749358,2003/2004,Premier League,Middlesbrough,442
9c325dc1-1368-43b8-b8ae-48718e286d10,35,Starting XI,3749522,2003/2004,Premier League,Arsenal,442
98e3d63a-e3f9-4fc0-bab6-f10937a15450,36,Tactical Shift,3773415,2020/2021,La Liga,Barcelona,433
cf4a3e17-2ca9-4158-8c8b-8bcf5b60c339,35,Starting XI,3749153,2003/2004,Premier League,Arsenal,442
23f25cb1-2bfd-4021-9b5d-d27484142163,35,Starting XI,16231,2018/2019,La Liga,Espanyol,352
67f87bcf-080c-4555-9b14-7bc3938578fa,35,Starting XI,3749108,2003/2004,Premier League,Aston Villa,4141
898e2fe4-cac9-4112-baea-c88246959702,35,Starting XI,3749068,2003/2004,Premier League,Tottenham Hotspur,442
7c79f196-ddf6-45fe-bcc2-4cd1a26c0f9d,35,Starting XI,3749310,2003/2004,Premier League,Southampton,442
0baf35ad-a6da-4e97-980e-fede7010e54f,35,Starting XI,3749462,2003/2004,Premier League,Birmingham City,451
bd8b3e91-2d88-4e44-9683-f7452419c37a,35,Starting XI,3749462,2003/2004,Premier League,Arsenal,442
a4568b82-f784-41d1-b416-eb824a426a15,35,Starting XI,16275,2018/2019,La Liga,Barcelona,433
3342dc98-3020-4680-b48b-65e59c5eb3bd,35,Starting XI,3749590,2003/2004,Premier League,Arsenal,442
90f4cb3a-7815-45b4-b5fe-af9c83fdc8c4,35,Starting XI,3749642,2003/2004,Premier League,Arsenal,442
4b714d09-0969-4929-b32d-d84436c940f0,35,Starting XI,3749431,2003/2004,Premier League,Newcastle United,442
0f7899bf-6895-4953-974d-cdbc06d04fd5,35,Starting XI,3773665,2020/2021,La Liga,Osasuna,442
d8b0d82b-3b9c-4124-9115-13774702723b,36,Tactical Shift,3773466,2020/2021,La Liga,Barcelona,4231
c5ba9327-71f6-4d86-8c59-b456d8bc9c66,35,Starting XI,3749552,2003/2004,Premier League,Arsenal,442
cd1fb6dc-eaf4-4d91-b5f7-fadd248ce581,35,Starting XI,3749465,2003/2004,Premier League,Arsenal,442
b2e91b28-2750-4961-acaf-8989085505bb,36,Tactical Shift,303504,2019/2020,La Liga,Levante UD,442
12be4231-3122-485c-81f6-f119c0973c7a,35,Starting XI,15998,2018/2019,La Liga,Barcelona,41221
30fc6c07-f0ea-48f6-b8c4-3b385b529073,35,Starting XI,15998,2018/2019,La Liga,Leganés,32221
7014799b-feb4-4463-940d-093225d7d618,35,Starting XI,16136,2018/2019,La Liga,Leganés,343
5873e30b-7fb1-4c0d-9ba8-aa0f9d72f00a,36,Tactical Shift,16196,2018/2019,La Liga,Barcelona,433
bb1a30c7-8dc2-41c9-a2b4-9c02b6c5c183,35,Starting XI,3773695,2020/2021,La Liga,Barcelona,352
6510c179-d5cc-4557-a466-ed98311d9654,35,Starting XI,16136,2018/2019,La Liga,Barcelona,433
05ddae35-6738-4e9f-82d6-3818d157d431,35,Starting XI,3773672,2020/2021,La Liga,Sevilla,433
e0ed83ba-c4bf-4989-97b0-f2f44ae91183,36,Tactical Shift,3773466,2020/2021,La Liga,Celta Vigo,352
bc7df3de-6219-4c49-8208-9e7cfb820ad2,35,Starting XI,303516,2019/2020,La Liga,Barcelona,433
b78a40c7-b389-424d-ace1-9d626f4f0d4e,35,Starting XI,303596,2019/2020,La Liga,Barcelona,433
05161837-d037-455d-9f75-be585e872db5,36,Tactical Shift,3749346,2003/2004,Premier League,Arsenal,442
8e52d9b2-ea2a-4f4a-bd85-7600fa8d60e6,35,Starting XI,3773597,2020/2021,La Liga,Barcelona,3421
5502a5d6-4af6-46bb-82be-a3df26d2a03e,36,Tactical Shift,303610,2019/2020,La Liga,Granada,4411
529381d2-1f1b-42cd-abcf-b10737331679,36,Tactical Shift,303674,2019/2020,La Liga,Sevilla,433
ccc71049-23cd-4d99-8118-1eb984db2cf9,35,Starting XI,3749528,2003/2004,Premier League,Arsenal,442
eb5c3a04-1d28-4383-bc54-16a51963e104,35,Starting XI,3773466,2020/2021,La Liga,Barcelona,4231
af62529a-c9d9-4beb-a7f1-fba8e2848062,35,Starting XI,3773689,2020/2021,La Liga,Villarreal,442
d5251d01-165a-4edd-8ed2-f4e6d1ce60ca,35,Starting XI,303377,2019/2020,La Liga,Getafe,442
b07f48fa-2338-4def-b4a3-0a45ec334cbb,36,Tactical Shift,16131,2018/2019,La Liga,Barcelona,442
839bba9f-8750-4c57-91b2-337311594de9,36,Tactical Shift,3773497,2020/2021,La Liga,Barcelona,352
12b32783-76c1-4660-8725-b5a5837fe196,36,Tactical Shift,303634,2019/2020,La Liga,Osasuna,352
d00c7432-5431-4736-bc4e-083f031864d8,35,Starting XI,303707,2019/2020,La Liga,Real Betis,4141
97cfaafe-5c2f-4314-b8e1-a7e2ca7c630b,36,Tactical Shift,16248,2018/2019,La Liga,Atlético Madrid,41212
cf04d983-a2eb-4590-8415-de7c9f61c4b7,35,Starting XI,303682,2019/2020,La Liga,Barcelona,433
3d5efc20-5d76-44e8-b38f-30cdd882aa57,35,Starting XI,3773403,2020/2021,La Liga,Athletic Club,442
ed1e95e8-0fd1-4de6-8643-a5ef9ea53716,36,Tactical Shift,16157,2018/2019,La Liga,Valencia,442
7adb3ff8-7a3f-4690-a763-5956e1e97c73,35,Starting XI,3749360,2003/2004,Premier League,Blackburn Rovers,442
d95db188-6035-4c33-ba00-bdc0b2bc64a7,36,Tactical Shift,3773377,2020/2021,La Liga,Barcelona,343
13b84daa-a740-4f34-a638-a0ebf7cbe235,36,Tactical Shift,16131,2018/2019,La Liga,Eibar,4231
b6dbf164-5f6d-4c5a-9fd7-90e06f17ecbc,35,Starting XI,3749360,2003/2004,Premier League,Arsenal,442
c49b57c0-8b25-4183-acd7-b13a52464607,35,Starting XI,15978,2018/2019,La Liga,Real Sociedad,442
84be927f-8163-49c5-a804-d1b3a0bf7505,36,Tactical Shift,16265,2018/2019,La Liga,Barcelona,433
73d7b5c6-2186-40aa-b904-c9b7bfb31670,35,Starting XI,16205,2018/2019,La Liga,Rayo Vallecano,343
75d87558-c436-4e5f-abe5-1f2ce1be12b1,35,Starting XI,3773526,2020/2021,La Liga,Deportivo Alavés,442
4ae13b27-825c-4bfc-8139-bb3aa3a969d5,35,Starting XI,3773526,2020/2021,La Liga,Barcelona,433
3a82db29-a650-4e8f-a106-64d6e85f06d2,36,Tactical Shift,3749196,2003/2004,Premier League,Arsenal,442
9740c515-1b3f-4a66-a767-f386b6354f33,35,Starting XI,3773656,2020/2021,La Liga,Barcelona,4231
ce6e38f2-c6f9-490f-87a5-9d30edc42df3,35,Starting XI,303652,2019/2020,La Liga,Barcelona,433
63776c00-b073-4750-a6ff-18bd06ab0f97,36,Tactical Shift,15986,2018/2019,La Liga,Girona,352
23689e23-866e-4f5b-b534-3c5aae76fa56,36,Tactical Shift,3749310,2003/2004,Premier League,Southampton,442
95b52782-0c0c-41f4-acdb-b9c77845540d,36,Tactical Shift,3773466,2020/2021,La Liga,Celta Vigo,4231
1c8bc269-5354-4e25-bbc9-0f010cb1ea53,36,Tactical Shift,3749465,2003/2004,Premier League,Arsenal,442
7ed7116f-87de-456c-93cc-0c7c30698de1,35,Starting XI,3773552,2020/2021,La Liga,Huesca,433
b634e2ba-8644-4ab4-abef-749ccc2ee47e,35,Starting XI,16131,2018/2019,La Liga,Barcelona,433
9be325cf-e09d-4580-a709-1ab74dedfab6,36,Tactical Shift,3749590,2003/2004,Premier League,Leicester City,442
e286432d-fc2e-4437-9167-bfd5dbe30be4,36,Tactical Shift,303680,2019/2020,La Liga,Barcelona,442
7aee1529-ec45-4df3-8e90-7305381f119e,35,Starting XI,16157,2018/2019,La Liga,Valencia,442
3c865809-9f13-49cd-bebd-d8a011b09f9d,36,Tactical Shift,3773477,2020/2021,La Liga,Barcelona,442
619d49a7-6fea-401e-9539-2d3c9ce5f0ec,35,Starting XI,16317,2018/2019,La Liga,Barcelona,433
63171ef3-349f-47cd-b6ec-f50f8b92368d,36,Tactical Shift,15978,2018/2019,La Liga,Barcelona,433
43254c3b-230e-4273-bb50-2641dbdbba88,36,Tactical Shift,303487,2019/2020,La Liga,Barcelona,433
50cbacec-e4b4-4df3-bb5d-94c211fbd333,36,Tactical Shift,16231,2018/2019,La Liga,Barcelona,433
a950af48-8f29-480a-874a-acf74f6da9a6,35,Starting XI,3749253,2003/2004,Premier League,Liverpool,442
9f6e2ecf-6685-45df-a62e-c2db3090f6c1,35,Starting XI,15946,2018/2019,La Liga,Barcelona,442
aa63b779-ae87-4cf1-8cdf-5c98c365e60c,36,Tactical Shift,3773369,2020/2021,La Liga,Huesca,3511
0af194ba-5206-40b2-a5e9-3353177eefc3,35,Starting XI,3773497,2020/2021,La Liga,Real Madrid,4141
190fa39c-8ca4-4a40-84d9-61ef764c2df3,36,Tactical Shift,3749462,2003/2004,Premier League,Arsenal,433
a489b744-478f-436c-b72b-1bfe9ce39b87,35,Starting XI,3773571,2020/2021,La Liga,Real Valladolid,442
9a05b7e9-a839-4fb1-ae14-6ce8ee453806,35,Starting XI,3749528,2003/2004,Premier League,Newcastle United,442
b42e2f2c-7372-4aa3-89a1-c0e5bc80e881,35,Starting XI,16240,2018/2019,La Liga,Villarreal,343
c8ab6406-f4b1-4882-86ee-d2a7076055eb,35,Starting XI,303473,2019/2020,La Liga,Sevilla,433
cc90bb2f-122e-4943-80f1-14a81178ad91,35,Starting XI,16173,2018/2019,La Liga,Barcelona,433
3886c320-2c75-4f69-8df2-48efbe78b512,36,Tactical Shift,3749068,2003/2004,Premier League,Tottenham Hotspur,442
8ab2e7df-7642-4f9b-ad8e-4da95dfe7fa2,35,Starting XI,3749448,2003/2004,Premier League,Liverpool,442
ca1b484d-880c-4577-abd0-7d553d22272e,36,Tactical Shift,3749453,2003/2004,Premier League,Leeds United,442
69d9857a-5598-4a37-8900-adf7d4568da2,35,Starting XI,3749642,2003/2004,Premier League,Charlton Athletic,442
ffdbffbf-aad2-4694-a079-8ab4e0f20769,35,Starting XI,3749448,2003/2004,Premier League,Arsenal,442
5e3d09b4-4741-43af-b3ca-9b451c458b3a,35,Starting XI,16073,2018/2019,La Liga,Atlético Madrid,442
e032da50-60eb-4089-9b8a-8e1b931815ee,35,Starting XI,3749196,2003/2004,Premier League,Tottenham Hotspur,352
d0fdc490-0cf2-48de-a516-7e3ea6498ec8,35,Starting XI,303731,2019/2020,La Liga,Barcelona,433
e4e517be-35cd-47ff-8d61-38b970064fce,36,Tactical Shift,3773415,2020/2021,La Liga,Barcelona,4231
17a94d4e-6be7-46e8-bdc9-65c1d6e744c6,36,Tactical Shift,303473,2019/2020,La Liga,Barcelona,442
628b0483-0e4d-4044-b405-b5bcdcf283e0,35,Starting XI,303532,2019/2020,La Liga,Leganés,352
d130c53e-c291-48bc-8372-721330fb160b,35,Starting XI,3764440,2020/2021,La Liga,Barcelona,433
b211493d-e1fa-419c-84e5-4ace7c26a511,35,Starting XI,16109,2018/2019,La Liga,Barcelona,433
df27919b-bf7a-48a5-a31b-56d0496b47f0,36,Tactical Shift,3773415,2020/2021,La Liga,Cádiz,4141
d2bccfa7-36d1-408a-8146-73e352d06887,35,Starting XI,3773386,2020/2021,La Liga,Deportivo Alavés,4141
97c7e0c3-8a36-4a00-8cfe-e977f3e75011,36,Tactical Shift,16215,2018/2019,La Liga,Real Betis,3412
0ddd04fc-79fe-4648-93d5-d66b6650f7ef,35,Starting XI,3773477,2020/2021,La Liga,Real Betis,4231
9dde9ecb-f87e-4bb3-953a-52b181b28580,36,Tactical Shift,16173,2018/2019,La Liga,Barcelona,433
df60cf75-d51c-425d-a8e1-3fb5c55593bd,36,Tactical Shift,3773689,2020/2021,La Liga,Villarreal,442
02f517b5-d6cb-45b6-bb7a-08dd0ed36079,35,Starting XI,16120,2018/2019,La Liga,Barcelona,41221
1a075682-04aa-4cce-9399-2189c978310d,36,Tactical Shift,303680,2019/2020,La Liga,Barcelona,352
a6562cea-01bb-4935-8d59-c042ce4036a1,36,Tactical Shift,3773526,2020/2021,La Liga,Barcelona,433
fd9f9c20-12f6-43ed-b599-ee6825c9b681,36,Tactical Shift,15973,2018/2019,La Liga,Barcelona,442
9c9012d2-3638-4f72-8bf3-6315ed356f40,35,Starting XI,3749403,2003/2004,Premier League,Bolton Wanderers,433
1893a0ff-3711-4a97-8259-ef2013a5bab9,35,Starting XI,3773415,2020/2021,La Liga,Barcelona,433
41e9d064-6116-43c2-9c44-dd2ee77c8f93,35,Starting XI,3749403,2003/2004,Premier League,Arsenal,442
e4327a98-e4c9-4134-9f0f-ea1ef5dd5c41,35,Starting XI,15956,2018/2019,La Liga,Barcelona,433
d6a44324-ad3c-4303-b41f-9c89fce257af,35,Starting XI,303674,2019/2020,La Liga,Sevilla,433
4513ce6e-6430-4ac2-a632-860f28f66d89,35,Starting XI,3773547,2020/2021,La Liga,Osasuna,442
22af56af-0543-44bd-b282-268cd26515cf,36,Tactical Shift,3773415,2020/2021,La Liga,Barcelona,433
a74cf80e-84f1-41f9-a3bc-c3fe16544424,36,Tactical Shift,3749493,2003/2004,Premier League,Arsenal,442
b110d0f0-b204-4b74-b8e9-36eda6e4336d,36,Tactical Shift,3773457,2020/2021,La Liga,Barcelona,352
038b3166-c80a-497b-8ffd-ca78e39675f5,36,Tactical Shift,16079,2018/2019,La Liga,Villarreal,4141
78179c77-25d0-4841-8a0e-4b7f6fec2ed2,35,Starting XI,3749358,2003/2004,Premier League,Arsenal,442
86caaded-4039-489e-a2a8-be7f1a796116,36,Tactical Shift,303532,2019/2020,La Liga,Leganés,352
02a7b444-6b4e-463d-8e1a-a11d27bc780d,35,Starting XI,15986,2018/2019,La Liga,Barcelona,433
80ee1a89-3e42-4540-b410-0cf86ae4d253,36,Tactical Shift,3749274,2003/2004,Premier League,Arsenal,442
69e6e2f8-0940-48f3-86c9-acd63dfab95c,36,Tactical Shift,303615,2019/2020,La Liga,Barcelona,41212
e7d16d25-4728-43e4-b712-cd27b8324bc0,36,Tactical Shift,3773428,2020/2021,La Liga,Barcelona,4231
5e52a608-d702-4960-9cd1-7cedd9405c77,35,Starting XI,16010,2018/2019,La Liga,Athletic Club,442
5a27d0f9-dd70-468f-b244-428a0f85a599,36,Tactical Shift,16149,2018/2019,La Liga,Barcelona,433
ccfb7a3b-1a9d-4ee9-9cbf-2302bd947d22,36,Tactical Shift,303548,2019/2020,La Liga,Mallorca,442
d93e4d41-e305-45f9-8f93-de797c9e6f7b,36,Tactical Shift,303532,2019/2020,La Liga,Leganés,3412
a74977b2-6074-4e3b-9f6b-7d373a67a8c3,36,Tactical Shift,3773377,2020/2021,La Liga,Barcelona,4231
dfc2ac16-04e5-45d4-9a94-07082e28131b,36,Tactical Shift,16240,2018/2019,La Liga,Barcelona,433
f42c3ab5-651d-4704-90c3-05079a980b61,36,Tactical Shift,3749465,2003/2004,Premier League,Arsenal,442
9e0fb853-c5b7-4298-93db-efd93d0ac80b,36,Tactical Shift,303524,2019/2020,La Liga,Barcelona,433
d610c1f2-33b7-4459-969f-6c39179dd250,36,Tactical Shift,16056,2018/2019,La Liga,Barcelona,4231
ddf1cc84-7318-4857-9197-1525a86e2430,35,Starting XI,303615,2019/2020,La Liga,Barcelona,41212
ff9f7a8e-3e22-42e4-a718-1238674343ab,35,Starting XI,3773571,2020/2021,La Liga,Barcelona,3421
76c60005-1a88-47f2-a25e-16e95f00c57e,36,Tactical Shift,3749631,2003/2004,Premier League,Southampton,442
2a30473d-746b-434c-9cd6-ac1f6dee6ebc,36,Tactical Shift,3749346,2003/2004,Premier League,Arsenal,442
bb963aa5-71d3-45d3-bdbc-abbccd6e9cde,36,Tactical Shift,303696,2019/2020,La Liga,Atlético Madrid,442
5cce8c89-7d77-4e9f-ab79-1006a7cad68a,36,Tactical Shift,15973,2018/2019,La Liga,Huesca,4411
41e0ff39-da7c-451a-8f08-82d3a9b369f2,35,Starting XI,3749257,2003/2004,Premier League,Arsenal,442
8336be30-6098-4b78-9391-65b2592e2546,36,Tactical Shift,3773523,2020/2021,La Liga,Real Sociedad,433
317e0b38-ab60-415c-969b-2f159b6e0b44,36,Tactical Shift,3773656,2020/2021,La Liga,Barcelona,4231
f7ba142f-5e88-4b1b-857c-fd127d98ae5f,36,Tactical Shift,303451,2019/2020,La Liga,Mallorca,442
c048732e-6899-4b6b-b9d9-b0ad923a91f6,35,Starting XI,303634,2019/2020,La Liga,Osasuna,352
ab825684-ddcf-4cea-9c43-8b800e5519ed,36,Tactical Shift,3749079,2003/2004,Premier League,Arsenal,442
d0f3ec09-af1d-437c-9172-951690934d33,36,Tactical Shift,16215,2018/2019,La Liga,Barcelona,442
20d961fd-8860-4519-8553-44cede4500d9,36,Tactical Shift,15978,2018/2019,La Liga,Barcelona,433
9a95b3a0-1bb7-4815-bbc1-ffa29e285758,36,Tactical Shift,3773466,2020/2021,La Liga,Celta Vigo,352
f8a64c12-b19f-4f18-83af-cf3b649f36d8,36,Tactical Shift,3773625,2020/2021,La Liga,Sevilla,4231
da686eac-2161-4c27-b868-63f0e4903685,35,Starting XI,16182,2018/2019,La Liga,Barcelona,41221
ccbb71bd-c04a-4ae1-9808-91279bc65c57,35,Starting XI,16086,2018/2019,La Liga,Espanyol,4231
c155a011-3d32-4783-87df-4296dc79ad14,36,Tactical Shift,303517,2019/2020,La Liga,Barcelona,433
ee1d1597-5180-49fc-a9ee-691aa94da5ad,36,Tactical Shift,3749434,2003/2004,Premier League,Arsenal,442
787d871e-cb79-4c79-be33-6789757110d9,36,Tactical Shift,3749631,2003/2004,Premier League,Southampton,433
48d929f7-34f5-4bbb-93bd-febfa94ceec8,35,Starting XI,3773565,2020/2021,La Liga,Barcelona,433
e335c219-95b8-4f0b-a86a-d28bff287495,35,Starting XI,303674,2019/2020,La Liga,Barcelona,442
6895a447-fba6-4f7b-9976-9b29258ac2c3,36,Tactical Shift,3773593,2020/2021,La Liga,Villarreal,433
0f835503-dc27-46b7-bba4-886b716812dd,36,Tactical Shift,3749552,2003/2004,Premier League,Arsenal,442
c4ded2ff-5fcb-48b8-86e8-0f977946925b,36,Tactical Shift,3773403,2020/2021,La Liga,Barcelona,3421
ca952df1-417d-4703-9597-f63f57d3f8f5,36,Tactical Shift,3773477,2020/2021,La Liga,Real Betis,4231
7b8cfff2-07f5-40b7-abdd-f8e89eccbca2,35,Starting XI,3749278,2003/2004,Premier League,Bolton Wanderers,4141
1ff99fb5-9bae-4107-9d93-0b8a4bb3bd8f,35,Starting XI,16306,2018/2019,La Liga,Getafe,442
0f3857b2-66ef-4786-97b4-004dc80777ec,36,Tactical Shift,3773466,2020/2021,La Liga,Celta Vigo,4231
33dcaa8c-18ea-4626-94dd-270fca3dbfd4,36,Tactical Shift,16205,2018/2019,La Liga,Barcelona,4231
58ca2054-76f8-4813-9419-48eea9bef911,35,Starting XI,303666,2019/2020,La Liga,Granada,4231
ebd134c4-0a8c-47c0-a42f-209a5b45f974,36,Tactical Shift,303696,2019/2020,La Liga,Barcelona,41212
a356c4d4-af2a-44c8-a8bd-6342386333c0,35,Starting XI,3749246,2003/2004,Premier League,Arsenal,442
36585e0f-1773-4e2d-b0c2-e0c0f83ad18c,35,Starting XI,3749346,2003/2004,Premier League,Arsenal,442
fe9e513f-4779-4ac5-8947-a255d2260de5,36,Tactical Shift,15986,2018/2019,La Liga,Barcelona,41212
84f65597-851b-4c75-a93d-2df43a0788c0,35,Starting XI,3773372,2020/2021,La Liga,Atlético Madrid,343
237adc21-1e90-441d-9ea4-4e98722ba781,36,Tactical Shift,15986,2018/2019,La Liga,Barcelona,433
492419df-1bd2-4c9f-95d7-b59bb205cca2,36,Tactical Shift,3773372,2020/2021,La Liga,Barcelona,433
0f89d6a0-0863-491f-95e6-48d9d5564cd3,36,Tactical Shift,3773552,2020/2021,La Liga,Huesca,433
a946f719-cf4b-4587-b761-5509276fd6d7,36,Tactical Shift,3773547,2020/2021,La Liga,Barcelona,4231
568ffd1f-b80b-441c-8442-2b6e5271e9cf,36,Tactical Shift,303725,2019/2020,La Liga,Barcelona,41212
9ca1efaa-bcad-46cb-ad5e-28b9d4778d34,36,Tactical Shift,3773656,2020/2021,La Liga,Atlético Madrid,352
9faae9c8-23ea-41be-9316-e99223c645ce,36,Tactical Shift,3773466,2020/2021,La Liga,Celta Vigo,4231
63ee9493-641e-4052-9dc7-bf1bf7aaea8e,35,Starting XI,3749192,2003/2004,Premier League,Fulham,4231
c8c15ee0-b7ca-4cde-815a-ba3d14cf80a4,36,Tactical Shift,303600,2019/2020,La Liga,Real Valladolid,4411
c4cf61b3-8ed8-4c8d-9fcb-85a23f171b44,35,Starting XI,16215,2018/2019,La Liga,Real Betis,352
8b3f7b56-a2ff-42a1-b8ea-8f5f1f4f474a,35,Starting XI,3749192,2003/2004,Premier League,Arsenal,442
675cd268-6dfe-47f1-8d82-48a109ae366c,36,Tactical Shift,3773656,2020/2021,La Liga,Barcelona,4141
97fe20ec-4332-435f-b8b3-62d853d76910,35,Starting XI,16131,2018/2019,La Liga,Eibar,4231
0015881a-f9bd-4561-9f81-1c49bc396be1,35,Starting XI,303493,2019/2020,La Liga,Barcelona,433
61306f72-bec9-466f-9d43-c1152531323c,35,Starting XI,3749052,2003/2004,Premier League,Arsenal,442
315e9b17-d9eb-4ca6-b63d-14cfc74e9ed9,36,Tactical Shift,3773497,2020/2021,La Liga,Barcelona,352
2daf4be9-2786-48fd-afc4-ddd1046e5b62,36,Tactical Shift,3749590,2003/2004,Premier League,Leicester City,442
d988b77f-946c-4032-a942-24ef9735a214,36,Tactical Shift,16056,2018/2019,La Liga,Real Betis,343
192afb5f-5a54-4b76-aace-6dca599a594f,35,Starting XI,16029,2018/2019,La Liga,Sevilla,352
920406d6-e46b-458f-9d77-0fdf97127d00,36,Tactical Shift,16157,2018/2019,La Liga,Barcelona,41221
b3e1c911-5e2d-4194-b86d-ed757bcdec92,36,Tactical Shift,3749253,2003/2004,Premier League,Arsenal,442
a9716f21-7098-4d55-b060-455d7fa16d83,36,Tactical Shift,3749526,2003/2004,Premier League,Arsenal,442
c98fc5d6-eb16-4285-9e10-fbe89aa64c85,36,Tactical Shift,16317,2018/2019,La Liga,Barcelona,433
e2813e8b-b896-4ba6-9a55-4ef3fb2b63f6,36,Tactical Shift,3749278,2003/2004,Premier League,Arsenal,442
7264f166-2dc1-4abc-85a0-4dd2107e3de4,35,Starting XI,3749117,2003/2004,Premier League,Arsenal,442
ebcc17f1-ea99-4d91-b85e-4ef912faf29d,36,Tactical Shift,16136,2018/2019,La Liga,Leganés,352
c4abeba1-b103-452d-a4a5-15a7ca014951,35,Starting XI,3749117,2003/2004,Premier League,Everton,433
becea3ee-0727-480a-b597-ea777ff3d9e4,35,Starting XI,16196,2018/2019,La Liga,Barcelona,433
6c02f9dd-9c13-4e01-aa3d-fd71d65be2d7,36,Tactical Shift,3749528,2003/2004,Premier League,Arsenal,442
401769c8-44a7-4aad-ba84-7ced5fa4b7bc,36,Tactical Shift,3749192,2003/2004,Premier League,Fulham,4231
ff9b194a-3725-46ba-873d-acc8dfcb288d,36,Tactical Shift,15978,2018/2019,La Liga,Barcelona,433
228e1928-fb72-4da1-83d0-57e6502d9dc8,35,Starting XI,303700,2019/2020,La Liga,Eibar,442
92035681-1490-40fc-acf6-cb593a7172d2,36,Tactical Shift,15946,2018/2019,La Liga,Barcelona,433
a38a076a-75e8-4606-a1dc-c0fdfd61b950,36,Tactical Shift,16215,2018/2019,La Liga,Barcelona,442
107c4a9c-3b50-4159-b29e-9cb196823c4c,35,Starting XI,3773474,2020/2021,La Liga,Real Valladolid,352
deb16ba4-001c-4e9e-9b72-d4660d329568,36,Tactical Shift,3773547,2020/2021,La Liga,Barcelona,433
31dca936-87dd-47db-bb3d-1f7a914ea81e,36,Tactical Shift,3773587,2020/2021,La Liga,Getafe,442
41c370df-e684-4c08-a70e-b1fe4ccfce25,35,Starting XI,16157,2018/2019,La Liga,Barcelona,433
ee0be757-d048-4a5b-9c31-a583e3a08126,36,Tactical Shift,3773387,2020/2021,La Liga,Barcelona,352
dc160dc4-47a1-4c90-8705-5f34996f7fb7,35,Starting XI,3749233,2003/2004,Premier League,Manchester City,4321
94e5fbbd-fa9e-4486-80ad-e76190b8855c,35,Starting XI,16023,2018/2019,La Liga,Valencia,442
e66c764f-c630-41a1-ab89-e2bd699e7305,35,Starting XI,3773587,2020/2021,La Liga,Getafe,442
136154c0-485a-482b-acfc-b377a1e2d5ff,36,Tactical Shift,16182,2018/2019,La Liga,Barcelona,41221
1a52b3a1-5432-4cae-a723-da4f35fbcd81,35,Starting XI,3749079,2003/2004,Premier League,Chelsea,442
00958b61-28d1-4d01-b277-eee840373d30,35,Starting XI,3749276,2003/2004,Premier League,Arsenal,352
c4db9a55-2f58-4e03-a3a7-1134024069fd,35,Starting XI,3749276,2003/2004,Premier League,Chelsea,442
0c029bc4-574a-4910-aefe-7bd96ecfaef7,36,Tactical Shift,16056,2018/2019,La Liga,Barcelona,433
f4c08899-ea60-4e22-b723-0a914ec63e4e,35,Starting XI,16079,2018/2019,La Liga,Villarreal,4141
5e0f5be4-5be5-425e-8db1-fec818cf5edf,36,Tactical Shift,3773369,2020/2021,La Liga,Barcelona,3421
3446ccfd-1398-4590-9698-e95409f7609f,35,Starting XI,303696,2019/2020,La Liga,Barcelona,41212
164cbbe6-f8a1-4b6c-8388-dd53bbf5385f,36,Tactical Shift,3749233,2003/2004,Premier League,Arsenal,442
4c047c2b-f379-437b-aed5-fb29d684befe,35,Starting XI,303615,2019/2020,La Liga,Espanyol,352
1eca88fb-435d-4231-b14b-a75e27f79bda,36,Tactical Shift,3773597,2020/2021,La Liga,Real Sociedad,343
46fb0342-0e9e-417c-810d-79f35e47a73c,36,Tactical Shift,3749493,2003/2004,Premier League,Arsenal,442
01fb3ed7-9a43-49fd-b8e5-2cd03ddf9c58,36,Tactical Shift,303532,2019/2020,La Liga,Leganés,3412
05add0d6-010f-440f-9e52-29abbad13ad2,36,Tactical Shift,16109,2018/2019,La Liga,Barcelona,433
53b957bd-2f71-4eb4-99e4-2f88e397f6c8,36,Tactical Shift,303421,2019/2020,La Liga,Barcelona,433
3b8b9b11-7acd-4d47-951b-c939272f362b,36,Tactical Shift,3749465,2003/2004,Premier League,Blackburn Rovers,442
8a0d7113-4624-455a-97d2-61c81aa5cde6,35,Starting XI,303725,2019/2020,La Liga,Villarreal,442
962c0ae7-eda6-4a90-bfda-767080488f55,36,Tactical Shift,3773526,2020/2021,La Liga,Deportivo Alavés,442
57c62b9d-b68b-4a95-9c77-3b2d50644cdb,36,Tactical Shift,303725,2019/2020,La Liga,Villarreal,4231
7b6e0172-107f-47be-aa31-34be44431d27,36,Tactical Shift,3773474,2020/2021,La Liga,Barcelona,4141
2e8f61e9-14d8-44fd-8d90-1239545f4482,35,Starting XI,303430,2019/2020,La Liga,Villarreal,4231
70356a5b-6f08-48d8-ad07-7e75fb78f1b3,36,Tactical Shift,3749192,2003/2004,Premier League,Arsenal,41212
0987349f-bf50-4faa-b066-4a8adfbb6582,36,Tactical Shift,16265,2018/2019,La Liga,Real Sociedad,433
b4e70288-e2cf-4045-a30c-a962c2437c38,36,Tactical Shift,303504,2019/2020,La Liga,Levante UD,442
c8f248eb-d0d9-425b-8487-5111b0447113,36,Tactical Shift,16173,2018/2019,La Liga,Athletic Club,4411
7cefe4c9-a96e-462f-8798-2a7c5dba9e72,36,Tactical Shift,303504,2019/2020,La Liga,Barcelona,433
6c371eff-2eff-4cf0-8604-e53c8df77f8c,36,Tactical Shift,16289,2018/2019,La Liga,Barcelona,433
77726067-a48f-46e8-b126-64830fccbda8,36,Tactical Shift,3773415,2020/2021,La Liga,Cádiz,352
3b20dc57-5cb7-46a8-bccb-b09d984478d7,35,Starting XI,3749052,2003/2004,Premier League,Wolverhampton Wanderers,442
d4d0bacd-5c2f-4f08-8cd9-625de01abd3e,35,Starting XI,3773656,2020/2021,La Liga,Atlético Madrid,352
7da348f5-93d7-4161-97af-ccf52ed7db2a,35,Starting XI,3773587,2020/2021,La Liga,Barcelona,4231
603b492b-dd5d-4d55-811a-105510e69040,35,Starting XI,3749196,2003/2004,Premier League,Arsenal,442
c5d3e4fe-2816-407d-a111-a7f2db9fc676,35,Starting XI,303652,2019/2020,La Liga,Espanyol,442
95d24655-81f5-4f89-9743-168d329162a9,36,Tactical Shift,3773466,2020/2021,La Liga,Celta Vigo,352
c8fbeac5-1c00-4005-a8b0-c6668a919c64,36,Tactical Shift,16120,2018/2019,La Liga,Getafe,4222
fba722f6-c49f-49ad-8b42-b187a6716457,35,Starting XI,3764661,2020/2021,La Liga,Barcelona,433
ec092226-c7b9-40ae-a941-f52c97cd7ef1,36,Tactical Shift,16190,2018/2019,La Liga,Sevilla,42211
b5d3be36-dcc0-4b15-8391-8592773df6b6,36,Tactical Shift,3773597,2020/2021,La Liga,Barcelona,352
a056b560-9fd7-4bb5-8a74-7e119856d923,35,Starting XI,3749079,2003/2004,Premier League,Arsenal,442
3ca68689-d1bf-4a4a-839b-77ee6ba60015,35,Starting XI,3773585,2020/2021,La Liga,Barcelona,442
363234a0-ef56-439e-b621-c0d403474c84,36,Tactical Shift,3773369,2020/2021,La Liga,Huesca,3511
186b7ca1-6131-40ec-b27b-e0077f0d2679,36,Tactical Shift,303479,2019/2020,La Liga,Barcelona,433
5008c221-4ae6-4f3c-b45f-151026e68e6e,35,Starting XI,3773457,2020/2021,La Liga,Celta Vigo,442
0300039d-150d-41e4-b29a-76602ef002e6,35,Starting XI,15946,2018/2019,La Liga,Deportivo Alavés,451
4680407b-13c5-4bbc-ad38-0ee780b866d6,35,Starting XI,3773672,2020/2021,La Liga,Barcelona,4231
be7e94c5-422b-4ec3-8df5-31f8066f5738,36,Tactical Shift,16289,2018/2019,La Liga,Levante UD,4141
b3c71459-c476-4000-a8e1-ca4d84c8dc23,36,Tactical Shift,16289,2018/2019,La Liga,Levante UD,4141
d3b8996a-0791-49fc-9d7b-ecd3f08b1d16,35,Starting XI,3773552,2020/2021,La Liga,Barcelona,433
d06565b8-44af-4715-942a-9216e07589f7,36,Tactical Shift,3749358,2003/2004,Premier League,Arsenal,442
056aa739-017e-46bc-9fe0-0ed65a4e7b85,36,Tactical Shift,303674,2019/2020,La Liga,Sevilla,343
b245a8ec-4775-483e-8e77-c883652b8835,36,Tactical Shift,16205,2018/2019,La Liga,Barcelona,442
e207e6a8-96bb-412f-80d2-094a2c36a73a,36,Tactical Shift,16149,2018/2019,La Liga,Barcelona,433
d8588bb2-c146-4c48-a2b3-1736f9122de3,36,Tactical Shift,303680,2019/2020,La Liga,Real Valladolid,442
e57a7e6b-d0d0-47b0-831f-1365b260f64d,36,Tactical Shift,3749360,2003/2004,Premier League,Blackburn Rovers,442
604f9d94-6bc6-4655-8b0d-fb8a80049d9b,35,Starting XI,3749631,2003/2004,Premier League,Arsenal,442
a8705d9e-0ce2-4f67-91e1-3486ed7a2fc2,35,Starting XI,3764661,2020/2021,La Liga,Athletic Club,442
0363ba7c-4a9e-42cf-937a-85aa5adb07ce,36,Tactical Shift,15946,2018/2019,La Liga,Deportivo Alavés,442
8f1141b2-c153-4f8a-8e8a-06dc2b28e267,35,Starting XI,303548,2019/2020,La Liga,Barcelona,433
8553b2fc-af4b-46be-995f-5df83c3297db,35,Starting XI,16056,2018/2019,La Liga,Barcelona,433
c7927cb5-4ee4-4e73-84bf-98d2244e98b0,35,Starting XI,3749603,2003/2004,Premier League,Arsenal,442
9a7f43a7-658b-4cce-81b2-b870e5fa4361,35,Starting XI,16056,2018/2019,La Liga,Real Betis,3412
302ad8f4-fe32-40f3-86ec-0e853e730fed,35,Starting XI,3749603,2003/2004,Premier League,Fulham,451
e1315a5c-776e-4bdf-80fe-fe845c52ce87,35,Starting XI,15986,2018/2019,La Liga,Girona,352
80963c76-5141-4e56-b49d-0f5fc0a2631c,36,Tactical Shift,3773631,2020/2021,La Liga,Barcelona,4231
3f827459-5416-47ed-a82b-3e4f5ce1c5d6,36,Tactical Shift,3749117,2003/2004,Premier League,Everton,433
7310ecb6-ee68-4963-8bba-2fe3f1c0a01f,36,Tactical Shift,16073,2018/2019,La Liga,Atlético Madrid,442
9d9578b5-c08c-4279-8f74-b6b1497398c1,35,Starting XI,3773457,2020/2021,La Liga,Barcelona,352
42429c8b-a2d5-48e9-a585-20d7ddb03217,35,Starting XI,3749434,2003/2004,Premier League,Arsenal,442
faf6e4df-165e-4e5d-bf1f-b9c22babb867,35,Starting XI,3749434,2003/2004,Premier League,Birmingham City,4231
854c3839-fd64-4840-836f-1f38f7d278f3,35,Starting XI,16182,2018/2019,La Liga,Real Valladolid,3412
fdef514a-805b-4969-b322-61421e4f84f7,35,Starting XI,15973,2018/2019,La Liga,Huesca,442
34ff56cb-1521-4daa-9b82-bc27c9d0732a,35,Starting XI,303548,2019/2020,La Liga,Mallorca,442
f601b49c-1ae1-4939-85db-9766ece281c9,35,Starting XI,16149,2018/2019,La Liga,Barcelona,433
158618b4-b594-408f-9071-f128b3b16ed5,35,Starting XI,303634,2019/2020,La Liga,Barcelona,433
b49d443c-19db-4516-b7d1-d947f37dd9c2,35,Starting XI,16149,2018/2019,La Liga,Girona,352
64ebdceb-274f-4ffd-b91a-72521b5060d3,36,Tactical Shift,16275,2018/2019,La Liga,Deportivo Alavés,442
46ec2292-3f9c-4505-96d5-4c5a59d5408c,36,Tactical Shift,3773523,2020/2021,La Liga,Barcelona,433
8f559cfe-f291-4ff2-89b9-29e0c3ec8c1b,35,Starting XI,3773428,2020/2021,La Liga,Barcelona,4231
709654e3-d4e2-4180-bfcc-4b8306091cb0,36,Tactical Shift,3773428,2020/2021,La Liga,Cádiz,4141
63a6191e-5ce1-49e4-b9aa-50fe3eff8dbc,35,Starting XI,3749068,2003/2004,Premier League,Arsenal,442
cb992c55-ed63-4211-aeee-9eda5a00bcc3,35,Starting XI,16231,2018/2019,La Liga,Barcelona,433
e797f68c-7ce4-4112-86b5-c0ca231a4cf7,35,Starting XI,16248,2018/2019,La Liga,Atlético Madrid,442
034721c1-eea6-4c9a-ba4b-1a96fc7b0cd4,36,Tactical Shift,3749108,2003/2004,Premier League,Aston Villa,4141
542af430-0218-4fa2-af3c-04faf7037f9d,36,Tactical Shift,16190,2018/2019,La Liga,Barcelona,41221
