name,id,jersey,team,country
Danny Mills,40326,15,Middlesbrough,England
Maxime Gonalons,6982,4,Granada,France
Domingos Quina,22140,12,Granada,Portugal
Pedro Alcalá Guirado,6579,5,Girona,Spain
Tim Howard,13042,14,Manchester United,United States of America
Dennis Bergkamp,15042,10,Arsenal,Netherlands
Adrian Mutu,18105,7,Chelsea,Romania
Álvaro Negredo Sánchez,20542,18,Cádiz,Spain
Rubén García Santos,23943,14,Osasuna,Spain
Manuel Sánchez De La Peña,33339,35,Atlético Madrid,Spain
Etienne Capoue,3721,25,Villarreal,France
Samuel Chimerenka Chukwueze,16335,30,Villarreal,Nigeria
Pedro Antonio Porro Sauceda,11292,24,Girona,Spain
Eugeni Valderrama Domènech,24504,8,Huesca,Spain
Simon Thorup Kjær,5534,4,Sevilla,Denmark
Youri Djorkaeff,15073,6,Bolton Wanderers,France
Saidy Janko,3417,18,Real Valladolid,Gambia
Adrián López Álvarez,6735,22,Osasuna,Spain
Augusto Matías Fernández,19668,17,Cádiz,Argentina
Giorgi Kochorashvili,41202,43,Levante UD,Georgia
Nikos Dabizas,24798,0,Leicester City,Greece
Gary Oliver Kelly,40270,2,Leeds United,Ireland
Cristian Rivero Sabater,36900,25,Valencia,Spain
Harald Wapenaar,376519,25,Portsmouth,Netherlands
Mariano Díaz Mejía,3163,24,Real Madrid,Dominican Republic
Robert Ibáñez Castro,18721,17,Getafe,Spain
Sergio Carreira Vilariño,49531,34,Celta Vigo,Spain
Iñaki Williams Arthuer,6393,9,Athletic Club,Ghana
Maik Taylor,40292,0,Birmingham City,Northern Ireland
Jihai Sun,40215,0,Manchester City,China
Darwin Daniel Machís Marcano,11501,11,Granada,Venezuela (Bolivarian Republic)
Guido Rodríguez,26404,21,Real Betis,Argentina
Billy McKinlay,15049,32,Leicester City,Scotland
Rodrigo Andrés Battaglia,10605,6,Deportivo Alavés,Argentina
Federico San Emeterio Díaz,24141,16,Real Valladolid,Spain
Alberto Rodríguez Baró,30419,27,Deportivo Alavés,Spain
Nabil Fekir,2948,8,Real Betis,France
Wissam Ben Yedder,6723,9,Sevilla,France
Ángel Luis Rodríguez Díaz,6611,9,Getafe,Spain
Patrick Roberts,11295,17,Girona,England
David Ferreiro Quiroga,11670,7,Huesca,Spain
Vicente Esquerdo Santas,33164,26,Valencia,Spain
Carlos Clerc Martínez,23948,19,Levante UD,Spain
Jorge Resurrección Merodio,5199,6,Atlético Madrid,Spain
Iñigo Pérez Soto,23945,21,Osasuna,Spain
Nigel Martyn,19497,25,Everton,England
Antonio Perera Calderón,50547,27,Deportivo Alavés,Spain
Daniel Cárdenas Lindez,38251,26,Levante UD,Spain
David James,20329,1,Manchester City,England
"Augustine Azuka ""Jay-Jay"" Okocha",40384,10,Bolton Wanderers,Nigeria
Anaitz Arbilla Zabala,6709,23,Eibar,Spain
Alessandro Pistone,40284,0,Everton,Italy
Mark Crossley,45964,12,Fulham,Wales
Sergio Gontán Gallardo,6742,24,Real Valladolid,Spain
Abdón Prats Bastidas,24067,9,Mallorca,Spain
José Ignacio Peleteiro Ramallo,9462,24,Deportivo Alavés,Spain
José Luis García del Pozo,6580,8,Leganés,Spain
Ulises Hernán de la Cruz Bernardo,40360,15,Aston Villa,Ecuador
Unai Núñez Gestoso,6397,3,Athletic Club,Spain
Renato Fabrizio Tapia Cortijo,5523,14,Celta Vigo,Peru
Arnaldo Antonio Sanabria Ayala,6880,9,Real Betis,Paraguay
Steffen Freund,15173,0,Leicester City,Germany
Jermaine Pennant,26649,11,Leeds United,England
Fernando Francisco Reges,16003,25,Sevilla,Brazil
Abdallahi Mohamed Mahmoud,41125,36,Deportivo Alavés,Mauritania
Moriba Kourouma Kourouma,39073,27,Barcelona,Guinea
David Remeseiro Salgueiro,6691,23,Levante UD,Spain
Vratislav Greško,40353,0,Blackburn Rovers,Slovakia
Anuar Mohamed Tuhami,11303,23,Real Valladolid,Morocco
Gaku Shibasaki,5693,10,Getafe,Japan
Tomáš Vaclík,11541,1,Sevilla,Czech Republic
Javier Muñoz Jiménez,24078,15,Deportivo Alavés,Spain
Steed Malbranque,40407,14,Fulham,France
Thierry Rendall Correia,22107,2,Valencia,Portugal
Alejandro Cantero Sánchez,114272,29,Levante UD,Spain
Mikel Rico Moreno,6656,17,Huesca,Spain
Maximiliano Gómez González,6297,22,Valencia,Uruguay
Diego Forlán Corazo,26199,21,Manchester United,Uruguay
Alejandro Pozo Pozo,24613,7,Mallorca,Spain
Diego Carlos Santos Silva,3366,20,Sevilla,Brazil
Hodei Oleaga Alarcia,349946,26,Athletic Club,Spain
Víctor Campuzano Bonilla,30420,31,Espanyol,Spain
Alejandro Gallar Falguera,11673,11,Huesca,Spain
Gonçalo Manuel Ganchinho Guedes,4367,7,Valencia,Portugal
Federico Vico Villegas,24136,14,Granada,Spain
Gonzalo Julián Melero Manzanares,11669,8,Huesca,Spain
Joel Robles Blázquez,16309,1,Real Betis,Spain
David Costas Cordal,17804,3,Celta Vigo,Spain
Iago Aspas Juncal,5217,10,Celta Vigo,Spain
Juan Flere Pizzuti,41176,26,Cádiz,Argentina
Nick Chadwick,40283,0,Everton,England
Diego Roberto Godín Leal,5249,2,Atlético Madrid,Uruguay
Modibo Sagnan,10709,15,Real Sociedad,France
Roberto José Rosales Altuve,6569,8,Espanyol,Venezuela (Bolivarian Republic)
Robin Aime Robert Le Normand,22128,24,Real Sociedad,France
Lucas Neill,40354,0,Blackburn Rovers,Australia
Yakubu Aiyegbeni,40337,20,Portsmouth,Nigeria
Amankwaa Akurugu,79498,40,Getafe,Ghana
John Nwankwo Donald Okeh,67040,26,Elche,Spain
Matt Holland,40379,8,Charlton Athletic,Ireland
Javier Díaz Sánchez,24738,31,Sevilla,Spain
Daniel Parejo Muñoz,6595,10,Valencia,Spain
Claudio Reyna,38465,6,Manchester City,United States of America
Deyverson Brum Silva Acosta,25134,14,Deportivo Alavés,Brazil
Héctor Miguel Herrera López,5575,16,Atlético Madrid,Mexico
Alejandro Fernández Iglesias,23967,8,Cádiz,Spain
Sean Davis,40412,23,Fulham,England
Karim Rekik,8572,4,Sevilla,Netherlands
David Batty,38557,23,Leeds United,England
Iago Domínguez Rodríguez,42907,26,Celta Vigo,Spain
Manuel Trigueros Muñoz,6771,14,Villarreal,Spain
Jamie Redknapp,15638,15,Tottenham Hotspur,England
Aridane Hernández Umpiérrez,24212,23,Osasuna,Spain
Brian McBride,38466,8,Fulham,United States of America
Nikola Vukčević,17303,17,Levante UD,Montenegro
Oleg Luzhny,40309,22,Wolverhampton Wanderers,Ukraine
Luis Jesús Pérez Maqueda,24266,2,Real Valladolid,Spain
Scott Parker,20286,19,Chelsea,England
Kevin Poole,45966,1,Bolton Wanderers,England
Yangel Clemente Herrera Ravelo,16249,21,Granada,Venezuela (Bolivarian Republic)
Simon Charlton,40390,3,Bolton Wanderers,England
Craig Short,40356,6,Blackburn Rovers,England
Sabit Abdulai,41107,35,Getafe,Ghana
Ioan Viorel Ganea,17727,20,Wolverhampton Wanderers,Romania
José María Martín-Bejarano Serrano,23970,6,Cádiz,Spain
Moritz Volz,40408,2,Fulham,Germany
Richard Hughes,376516,22,Portsmouth,Scotland
Leandro Daniel Cabrera Sasía,6635,6,Getafe,Uruguay
Samuele Longo,11672,12,Huesca,Italy
Markel Susaeta Laskurain,6390,14,Athletic Club,Spain
Ugo Ehiogu,40325,4,Middlesbrough,England
Aarón Martín Caricol,6757,19,Celta Vigo,Spain
James Beattie,40442,9,Southampton,England
Rubén Rochina Naixes,6680,16,Levante UD,Spain
José Antonio Miranda Boacho,105762,32,Getafe,Equatorial Guinea
Nigel Quashie,40338,11,Portsmouth,Scotland
Tomasz Radziński,40286,0,Everton,Canada
Steven Caldwell,40369,15,Leeds United,Scotland
Paulo Dino Gazzaniga,5109,1,Elche,Argentina
Simon Royce,41458,25,Charlton Athletic,England
Adnan Januzaj,6330,11,Real Sociedad,Belgium
Íñigo Lekue Martínez,6392,15,Athletic Club,Spain
Pedro Mosquera Parada,6733,5,Huesca,Spain
David García Zubiría,23950,5,Osasuna,Spain
Stylianos Giannakopoulos,19772,7,Bolton Wanderers,Greece
Ignacio Vidal Miralles,6591,2,Osasuna,Spain
Iván Martín Núñez,42275,37,Villarreal,Spain
Mario Melchiot,20281,15,Chelsea,Netherlands
Joey Barton,38552,0,Manchester City,England
Ronny Johnsen,24763,27,Aston Villa,Norway
Marcos Llorente Moreno,6840,14,Atlético Madrid,Spain
Alejandro Granell Nogué,6570,6,Girona,Spain
Ignasi Miquel i Pons,6741,21,Getafe,Spain
Javier López Rodríguez,6791,16,Espanyol,Spain
José Alejandro Martín Valerón,47344,37,Cádiz,Spain
David Gil Mohedano,31793,13,Cádiz,Spain
Patrick Vieira,15515,4,Arsenal,France
Guido Marcelo Carrillo,3246,18,Leganés,Argentina
Jonás Ramalho Chimeno,6887,4,Girona,Angola
Aitor Ruibal García,6851,19,Leganés,Spain
Ignacio Monreal Eraso,3498,20,Real Sociedad,Spain
Hélder Manuel Marques Postiga,20011,8,Tottenham Hotspur,Portugal
Robert Kenedy Nunes do Nascimento,3666,25,Getafe,Brazil
Denis Irwin,24765,2,Wolverhampton Wanderers,Ireland
Manuel Reina Rodríguez,24083,1,Mallorca,Spain
"Andy O""Brien",40225,5,Newcastle United,Ireland
Graham Stuart,40376,4,Charlton Athletic,England
José Antonio Caro Díaz,24920,13,Real Valladolid,Spain
Jorge Andújar Moreno,6672,12,Levante UD,Spain
João Félix Sequeira,12041,7,Atlético Madrid,Portugal
Filip Malbašić,24270,24,Cádiz,Serbia
José Luis Rodríguez Francis,5628,38,Deportivo Alavés,Panama
Santiago Ramos Mingo,49301,32,Barcelona,Argentina
Gareth Barry,3633,6,Aston Villa,England
Jorge Sáenz de Miera Colmeiro,24273,16,Celta Vigo,Spain
Leonardo Carrilho Baptistão,6761,11,Espanyol,Brazil
Santiago Mina Lorenzo,6594,22,Celta Vigo,Spain
Aritz Aduriz Zubeldia,6394,20,Athletic Club,Spain
Gabriel Matías Fernández Leites,30294,19,Celta Vigo,Uruguay
Michael Gray,40395,33,Blackburn Rovers,England
Lisandro Magallán,23263,6,Deportivo Alavés,Argentina
Sergio Escudero Palomo,6718,18,Sevilla,Spain
Jules Koundé,4445,12,Sevilla,France
Emiliano Ariel Rigoni,15880,22,Elche,Argentina
Gary Naysmith,40282,0,Everton,Scotland
Kevin Nolan,21540,4,Bolton Wanderers,England
Ezequiel Marcelo Garay,6891,24,Valencia,Argentina
Ray Parlour,24972,15,Arsenal,England
Hernán Arsenio Pérez González,6838,17,Espanyol,Paraguay
Iván Campo Ramos,40386,16,Bolton Wanderers,Spain
Roque Mesa Quevedo,3610,6,Leganés,Spain
Nélson Cabral Semedo,6374,2,Barcelona,Portugal
José Vitor Roque Júnior,40265,12,Leeds United,Brazil
Steffen Iversen,15595,19,Wolverhampton Wanderers,Norway
Joe Cole,40259,10,Chelsea,England
Shinji Okazaki,3810,12,Huesca,Japan
Fernando Calero Villa,11293,5,Real Valladolid,Spain
Jordi Masip López,11302,1,Real Valladolid,Spain
Rubén Sobrino Pozuelo,6613,11,Valencia,Spain
John Arne Semundseth Riise,34386,18,Liverpool,Norway
Shaun Wright-Phillips,38551,0,Manchester City,England
Andoni Gorosabel Espinosa,6670,18,Real Sociedad,Spain
Jon Moncayola Tollar,30277,27,Osasuna,Spain
Claus Jensen,20153,10,Charlton Athletic,Denmark
Juan Francisco Martínez Modesto,24166,7,Elche,Spain
Pol Lozano Vizuete,31885,26,Espanyol,Spain
Ante Palaversa,28589,14,Getafe,Croatia
Sergio Reguilón Rodríguez,18620,23,Real Madrid,Spain
Dean Kiely,40378,1,Charlton Athletic,Ireland
Unai Bustinza Martínez,6598,3,Leganés,Spain
Miguel Ángel Rubio Lestan,8651,30,Real Valladolid,Spain
Pablo Hervías Ruiz,12073,11,Real Valladolid,Spain
Salvador Sánchez Ponce,23973,7,Cádiz,Spain
David Juncà Reñé,6776,17,Celta Vigo,Spain
Scott Carson,4815,40,Leeds United,England
Edinaldo Gomes Pereira,6769,5,Espanyol,Brazil
Ibrahim Amadou,11332,23,Leganés,France
Milan Baroš,19735,5,Liverpool,Czech Republic
Sergio Guardiola Navarro,17027,7,Real Valladolid,Spain
Rubén Duarte Sánchez,6612,3,Deportivo Alavés,Spain
Mikel Vesga Arruti,6667,23,Leganés,Spain
Ángel Montoro Sánchez,24144,19,Granada,Spain
Robbie Keane,11348,10,Tottenham Hotspur,Ireland
Kevin Phillips,40433,7,Southampton,England
Manuel Agudo Durán,6724,3,Celta Vigo,Spain
Gustavo Daniel Cabral Cáceres,6794,22,Celta Vigo,Argentina
Jody Craddock,40314,12,Wolverhampton Wanderers,England
Jonatan Lillebror Johansson,40382,21,Charlton Athletic,Finland
Javier Avilés Cortés,30798,33,Leganés,Spain
Héctor Alfredo Moreno Herrera,5573,6,Real Sociedad,Mexico
Jon Morcillo Conesa,47226,2,Athletic Club,Spain
Stole Dimitrievski,21397,13,Rayo Vallecano,"Macedonia, Republic of"
Michael Tarnat,24758,0,Manchester City,Germany
Graeme Le Saux,377674,3,Southampton,England
Éder Gabriel Militão,13620,3,Real Madrid,Brazil
Hugo Guillamón Sanmartín,35641,15,Valencia,Spain
Mark Viduka,40373,9,Leeds United,Australia
David Timor Copoví,6786,24,Getafe,Spain
Rio Ferdinand,20171,5,Manchester United,England
Mark Kinsella,364784,26,Aston Villa,Ireland
Daniel Martín Fernández,30518,13,Real Betis,Spain
Manuel Morlanes Ariño,11384,28,Villarreal,Spain
Gary Neville,15402,2,Manchester United,England
Thomas Hitzlsperger,20019,12,Aston Villa,Germany
Gerard Moreno Balaguero,6766,7,Villarreal,Spain
Santiago Cazorla González,11386,19,Villarreal,Spain
Luis Carlos Correia Pinto,6734,16,Huesca,Portugal
Kevin Cyril Davies,40388,14,Bolton Wanderers,England
André Miguel Valente Silva,5218,12,Sevilla,Portugal
Lorenzo Jesús Morón García,7910,16,Real Betis,Spain
Hugo Miguel Ferreira Gomes Viana,26010,45,Newcastle United,Portugal
Jesús Vallejo Lázaro,6893,20,Granada,Spain
Raúl de Tomás Gómez,16209,9,Rayo Vallecano,Spain
Trevor Benjamin,40244,0,Leicester City,Jamaica
Jamie Clapham,40298,0,Birmingham City,England
Antonio José Raillo Arenas,24086,21,Mallorca,Spain
Víctor Ruíz Torre,6752,6,Villarreal,Spain
Ander Guevara Lajo,24236,16,Real Sociedad,Spain
Richard Dunne,20447,22,Manchester City,Ireland
Daniel Ceballos Fernández,6697,24,Real Madrid,Spain
Brais Méndez Portela,6799,23,Celta Vigo,Spain
Dídac Vilá Rosselló,6886,12,Espanyol,Spain
Nicky Hunt,9353,18,Bolton Wanderers,England
Álvaro Vadillo Cifuentes,24143,7,Granada,Spain
Unai Etxebarría Martín,41687,42,Valencia,Spain
Vitorino Gabriel Pacheco Antunes,6619,3,Getafe,Portugal
Hugo Sotelo,117025,44,Celta Vigo,Spain
Antoine Sibierski,40223,0,Manchester City,France
Iván Martínez Marqués,52108,36,Osasuna,Spain
Raúl Blanco Juncal,48643,35,Celta Vigo,Spain
Asier Illarramendi Andonegi,6671,4,Real Sociedad,Spain
Alejandro Pachón Párraga,42283,37,Girona,Spain
Carles Aleña Castillo,13599,26,Barcelona,Spain
Francis Joseph Coquelin,3437,17,Valencia,France
Jason Roberts,40342,31,Portsmouth,Grenada
Brad Jones,7752,35,Middlesbrough,Australia
Iván Villar Martínez,40890,25,Celta Vigo,Spain
Paul Scholes,15666,18,Manchester United,England
Glen Johnson,4724,0,Chelsea,England
Peter Whittingham,4394,17,Aston Villa,England
Francisco José Olivas Alba,11304,4,Real Valladolid,Spain
Gonzalo Cacicedo Verdú,24169,5,Elche,Spain
Javier Sánchez de Felipe,21225,5,Real Valladolid,Spain
Dominic Matteo,39847,21,Leeds United,Scotland
Mickaël Malsa,23966,12,Levante UD,Martinique
Fidel Chaves de la Torre,23825,16,Elche,Spain
Luis Alberto Suárez Díaz,5246,9,Barcelona,Uruguay
Gaizka Larrazabal Goikoetxea,30715,12,Athletic Club,Spain
Daniel Vivian Moreno,41542,29,Athletic Club,Spain
Simon Davies,40277,29,Tottenham Hotspur,Wales
Aihen Muñoz Capellán,22452,12,Real Sociedad,Spain
Johan Andrés Mojica Palacio,5691,25,Elche,Colombia
Kelechi Nwakali,7922,26,Huesca,Nigeria
Moses Daddy-Ajala Simon,18163,7,Levante UD,Nigeria
Trevor Sinclair,40217,0,Manchester City,England
Jérôme Bonnissel,40414,18,Fulham,France
Leandro Chichizola,6931,1,Getafe,Argentina
Lluis Sastre Reus,19396,22,Huesca,Spain
Joan Jordán Moreno,6701,24,Eibar,Spain
Malcom Filipe Silva de Oliveira,3109,14,Barcelona,Brazil
Brett Ormerod,40437,36,Southampton,England
Iñigo Vicente Elorduy,30468,26,Athletic Club,Spain
Justin Hoyte,24840,0,Arsenal,Trinidad and Tobago
Robert Pirès,19312,7,Arsenal,France
Shay Given,20446,1,Newcastle United,Ireland
Álex Collado Gutiérrez,24949,30,Barcelona,Spain
Bobby Zamora,38402,25,Tottenham Hotspur,England
Bernardo José Espinosa Zúñiga,6573,2,Girona,Colombia
Damián Nicolás Suárez Suárez,6627,22,Getafe,Uruguay
Víctor Machín Pérez,6841,20,Atlético Madrid,Spain
Francisco Javier Campos Coll,25061,5,Mallorca,Spain
Roy Keane,24805,16,Manchester United,Ireland
Salvador Sevilla López,24072,8,Mallorca,Spain
Jonathan Woodgate,38418,27,Newcastle United,England
Steve Simonsen,375069,13,Everton,England
Matthew Upson,40300,0,Birmingham City,England
Sergio Bermejo Lillo,32815,28,Celta Vigo,Spain
Matías Ezequiel Vargas Martín,30421,22,Espanyol,Argentina
José Antonio Rodríguez Díaz,24126,10,Granada,Spain
Aaron Lennon,3953,25,Leeds United,England
Brett Emerton,40357,0,Blackburn Rovers,Australia
Francesc Aday Benítez Caraballo,6578,11,Girona,Spain
Paul Butler,40312,6,Wolverhampton Wanderers,England
Matthew Kilgallon,3793,36,Leeds United,England
Francisco Portillo Soler,6873,8,Getafe,Spain
Víctor Camarasa Ferrando,6659,10,Deportivo Alavés,Spain
Nikola Kalinić,7033,9,Atlético Madrid,Croatia
Liam Ridgewell,13439,24,Aston Villa,England
Bryan Hughes,40294,0,Birmingham City,England
Rory Delap,40435,18,Southampton,Ireland
Lucas René Olaza Catrofe,24730,15,Celta Vigo,Uruguay
Kang-In Lee,22740,20,Valencia,Korea (South)
Paul Robinson,40132,1,Leeds United,England
Santiago Comesaña Veiga,12194,27,Rayo Vallecano,Spain
Ivan Rakitić,5470,4,Barcelona,Croatia
Francis Jeffers,375067,11,Everton,England
Juan Carlos Real Ruiz,24055,21,Huesca,Spain
José Manuel Fontán Mondragón,35000,31,Celta Vigo,Spain
Raphael Dwamena,11305,20,Levante UD,Ghana
Cristian Tello Herrera,6658,11,Real Betis,Spain
Xabier Etxeita Gorritxategi,6788,3,Huesca,Spain
Richard Duffy,9791,31,Portsmouth,Wales
Sabin Merino Zuloaga,6666,18,Leganés,Spain
Šime Vrsaljko,5461,24,Atlético Madrid,Croatia
Boudewijn Zenden,17793,27,Middlesbrough,Netherlands
Pervis Josué Estupiñán Tenorio,24085,30,Osasuna,Ecuador
Iñaki Álvarez Goñi,41573,26,Osasuna,Spain
Oliver Burke,3513,24,Deportivo Alavés,Scotland
Roberto Suárez Pier,6807,4,Levante UD,Spain
Paul Bosvelt,19636,0,Manchester City,Netherlands
Trésor Lomana LuaLua,376518,32,Portsmouth,"Congo, (Kinshasa)"
Víctor Gómez Perea,32670,34,Espanyol,Spain
Alejandro Baena Rodríguez,41115,32,Villarreal,Spain
Martin Andresen,40397,25,Blackburn Rovers,Norway
Isaac Carcelén Valencia,24322,20,Cádiz,Spain
Marc Bartra Aregall,7068,5,Real Betis,Spain
Olivier Tébily,40400,26,Birmingham City,Côte d'Ivoire
Clinton Morrison,40291,0,Birmingham City,Ireland
James Philip Milner,3473,38,Leeds United,England
Lucas Vázquez Iglesias,5200,17,Real Madrid,Spain
Joseph Phillip Yobo,40288,0,Everton,Nigeria
Mauricio Taricco,40275,3,Tottenham Hotspur,Argentina
Denis Vavro,16298,25,Huesca,Slovakia
Nicolás Melamed Ribaudo,41456,33,Espanyol,Spain
Serdar Gürler,12554,21,Huesca,Turkey
Rubén Iván Martínez Andrade,6730,13,Osasuna,Spain
Simon Johnson,40372,39,Leeds United,England
Martín Zubimendi Ibáñez,24921,36,Real Sociedad,Spain
Erick Cathriel Cabaco Almada,6809,18,Levante UD,Uruguay
Kenny Cunningham,40296,0,Birmingham City,Ireland
Miguel Ángel Guerrero Martín,6602,9,Leganés,Spain
Darren Anderton,15411,7,Tottenham Hotspur,England
Aitor Fernández Abarisketa,23344,25,Levante UD,Spain
Gustavo Augusto Poyet Domínguez,40276,14,Tottenham Hotspur,Uruguay
Emiliano Daniel Velázquez Maldonado,17054,20,Rayo Vallecano,Uruguay
Mikael Forssell,40301,0,Birmingham City,Finland
Andy Cole,24767,9,Blackburn Rovers,England
Enis Bardhi,6782,10,Levante UD,"Macedonia, Republic of"
Jordi Amat Maas,6652,16,Rayo Vallecano,Spain
Fredrik Ljungberg,15754,8,Arsenal,Sweden
Alejandro Berenguer Remiro,7478,12,Athletic Club,Spain
Jon Ander Garrido Moracia,24712,5,Cádiz,Spain
Andrés Tomás Prieto Albert,6848,1,Espanyol,Spain
Raúl Rodríguez Navas,6693,22,Real Sociedad,Spain
Lee Bowyer,40228,29,Newcastle United,England
Martin Ødegaard,8252,21,Real Sociedad,Norway
Lucas Pérez Martínez,6732,7,Deportivo Alavés,Spain
Lluis Andreu i Ruiz,41859,45,Elche,Spain
Emmanuel Okyere Boateng,6678,21,Levante UD,Ghana
Claude Makélélé,20254,4,Chelsea,France
Damien Johnson,40293,0,Birmingham City,Northern Ireland
Luis Jan Piers Advíncula Castrillón,5521,17,Rayo Vallecano,Peru
Olivier Bernard,40233,35,Newcastle United,France
Colin Cooper,40405,28,Middlesbrough,England
Alejandro Darío Gómez,7006,24,Sevilla,Argentina
Jason Joseph Euell,40374,9,Charlton Athletic,Jamaica
Paulo André Rodrigues de Oliveira,6708,12,Eibar,Portugal
Francisco Reis Ferreira,23445,6,Valencia,Portugal
Pablo Daniel Piatti,6763,19,Espanyol,Argentina
Iker Muniain Goñi,6842,10,Athletic Club,Spain
Sergio Canales Madrazo,6673,6,Real Betis,Spain
Gerard Barri Paytuvi,41650,32,Elche,Spain
Aliou Cissé,40303,0,Birmingham City,Senegal
Eyal Berkovic,40216,0,Manchester City,Israel
Arturo Erasmo Vidal Pardo,8206,22,Barcelona,Chile
Stephen Carr,40318,2,Tottenham Hotspur,Ireland
Óscar Guido Trejo,11540,8,Rayo Vallecano,Argentina
Dean Sturridge,40306,29,Wolverhampton Wanderers,England
Mario Gaspar Pérez Martínez,6772,2,Villarreal,Spain
Youssef En-Nesyri,6301,26,Leganés,Morocco
Kevin-Prince Boateng,8668,19,Barcelona,Ghana
Darko Brašanac,6604,20,Deportivo Alavés,Serbia
İsmail Köybaşı,16538,11,Granada,Turkey
Arnau Fàbrega Mañas,50912,31,Granada,Spain
Frank Lampard,20330,8,Chelsea,England
Takashi Inui,5687,8,Real Betis,Japan
Antonio Sivera Salvá,9748,13,Deportivo Alavés,Spain
Jorge Pulido Mayoral,11677,14,Huesca,Spain
Alejandro Gálvez Jimena,6924,23,Rayo Vallecano,Spain
Munir El Haddadi Mohamed,6616,19,Barcelona,Morocco
Íñigo Martínez Berridi,6665,4,Athletic Club,Spain
Jasper Cillessen,8652,13,Barcelona,Netherlands
Radostin Kishishev,13808,2,Charlton Athletic,Bulgaria
Ronald Federico Araújo da Silva,32480,33,Barcelona,Uruguay
Alejandro Remiro Gargallo,32185,1,Real Sociedad,Spain
Luis Jesús Rioja González,24049,11,Deportivo Alavés,Spain
Carlos Neva Tey,25702,15,Granada,Spain
Miguel Rodríguez Vidal,47445,32,Celta Vigo,Spain
Johnnie Jackson,3872,32,Tottenham Hotspur,England
Sergio Ramos García,5201,4,Real Madrid,Spain
Mohamed Salisu,30519,28,Real Valladolid,Ghana
Diego López Rodríguez,6768,13,Espanyol,Spain
Juan Camilo Hernández Suárez,11671,9,Huesca,Colombia
Gilbert Gianelli Imbula Wanga,4346,12,Rayo Vallecano,"Congo, (Kinshasa)"
Ivan Šaponjić,34532,17,Atlético Madrid,Serbia
Eiður Smári Guðjohnsen,11270,22,Chelsea,Iceland
Graham Stack,42458,33,Arsenal,Ireland
Luuk de Jong,20033,19,Sevilla,Netherlands
Miguel Ángel Garrido Cifuentes,7897,23,Elche,Spain
Ryan Giggs,20175,11,Manchester United,Wales
Dimitri Foulquier,4546,24,Getafe,Guadeloupe
João Pedro Neves Filipe,23627,40,Real Valladolid,Portugal
Shaka Hislop,38403,1,Portsmouth,Trinidad and Tobago
Oswaldo Giroldo Júnior,40331,10,Middlesbrough,Brazil
Steve Howey,38569,24,Leicester City,England
Joan Sastre Vanrell,24089,2,Mallorca,Spain
Jérémie Aliadière,40255,0,Arsenal,France
Lucas Ariel Ocampos,4345,5,Sevilla,Argentina
John Guidetti,6038,10,Deportivo Alavés,Sweden
Jean-Clair Todibo,11532,6,Barcelona,France
Mohamed Aiman Moukhliss Agmir,105324,35,Real Valladolid,Spain
Aleksandar Trajkovski,30512,17,Mallorca,"Macedonia, Republic of"
Cristian Portugués Manzanera,6582,9,Girona,Spain
José Manuel Cabrera López,49302,27,Villarreal,Spain
Pere Milla Peña,12072,22,Eibar,Spain
Kenny Miller,10525,16,Wolverhampton Wanderers,Scotland
Lionel Andrés Messi Cuccittini,5503,10,Barcelona,Argentina
Hugo Mallo Novegil,6805,2,Celta Vigo,Spain
Marcos Mauro López Gutiérrez,24593,4,Cádiz,Argentina
Sergino Dest,21881,2,Barcelona,United States of America
Junichi Inamoto,40409,6,Fulham,Japan
Mario Hermoso Canseco,6790,22,Espanyol,Spain
Lee Clark,38566,10,Fulham,England
Hugo Duro Perales,7621,27,Getafe,Spain
Per Frandsen,40389,8,Bolton Wanderers,Denmark
Tony Hibbert,129558,28,Everton,England
Yeremi Jesús Pino Santos,50494,30,Villarreal,Spain
Jozabed Sánchez Ruiz,6852,21,Celta Vigo,Spain
Edwin van der Sar,15036,1,Fulham,Netherlands
Roberto López Alcaide,22801,28,Real Sociedad,Spain
José Antonio Reyes Calderón,23816,9,Arsenal,Spain
Hermann Hreidarsson,40377,12,Charlton Athletic,Iceland
Unai Vencedor Paris,35473,27,Athletic Club,Spain
Júnior Wakalibille Lago,24079,11,Mallorca,Côte d'Ivoire
Carlos Domínguez Cáceres,75546,40,Celta Vigo,Spain
Alan Stubbs,40285,0,Everton,England
Eliaquim Mangala,3389,4,Valencia,France
Uroš Račić,24267,19,Valencia,Serbia
Abdelkabir Abqar,82674,36,Deportivo Alavés,Morocco
Juan Manuel Pérez Ruiz,25062,25,Osasuna,Spain
Lilian Nalis,40238,0,Leicester City,France
Alberto Moreno Pérez,3515,18,Villarreal,Spain
Barry Hayles,40410,15,Fulham,Jamaica
Ole Gunnar Solskjær,15590,20,Manchester United,Norway
Frédéric Oumar Kanouté,25960,9,Tottenham Hotspur,Mali
Emile Heskey,15659,8,Liverpool,England
José Ángel Gómez Campaña,6688,24,Levante UD,Spain
Rodrygo Silva de Goes,25104,27,Real Madrid,Brazil
Santiago Arias Naranjo,5696,4,Atlético Madrid,Colombia
Unai García Lugea,23949,4,Osasuna,Spain
Jorge Marcos Pombo Escobar,24034,11,Cádiz,Spain
Jon Ander Serantes Simon,9879,13,Leganés,Spain
Óscar Melendo Jiménez,6902,14,Espanyol,Spain
Daniel Escriche Romero,24681,23,Huesca,Spain
Daniel Wass,6797,18,Valencia,Denmark
Víctor García Raja,41610,35,Real Valladolid,Spain
Emerson Aparecido Leite de Souza Junior,23522,22,Real Betis,Brazil
Borja González Tomás,6566,18,Deportivo Alavés,Spain
Gary Speed,24799,11,Newcastle United,Wales
Rubén Blanco Veiga,6795,13,Celta Vigo,Spain
Miguel Baeza Pérez,39598,27,Celta Vigo,Spain
David Dunn,40302,0,Birmingham City,England
Marcos André de Sousa Mendonça,31235,16,Real Valladolid,Brazil
Nemanja Maksimović,6901,20,Getafe,Serbia
Mark Fish,40380,6,Charlton Athletic,South Africa
Jesús Navas González,6821,16,Sevilla,Spain
Hassan Kachloul,364783,22,Aston Villa,Morocco
Iago Herrerín Buisán,6662,13,Athletic Club,Spain
Cristiano Ronaldo dos Santos Aveiro,5207,7,Manchester United,Portugal
Toni Kroos,5574,8,Real Madrid,Germany
Waldo Rubio Martín,24777,23,Real Valladolid,Spain
Asier Villalibre Molina,32953,25,Athletic Club,Spain
Nemanja Gudelj,16489,17,Sevilla,Serbia
Jeison Fabián Murillo Cerón,6585,17,Barcelona,Colombia
Saúl Ñíguez Esclapez,6381,8,Atlético Madrid,Spain
Francisco José Beltrán Peinado,11389,8,Celta Vigo,Spain
Oier Olazábal Paredes,6692,13,Levante UD,Spain
Diego da Silva Costa,5198,19,Atlético Madrid,Spain
Norberto Murara Neto,6590,13,Valencia,Brazil
Víctor Laguardia Cisneros,6615,5,Deportivo Alavés,Spain
Daniel Filipe Martins Carriço,6825,6,Sevilla,Portugal
Mathieu Flamini,6631,16,Getafe,France
José Antonio Morente Oliva,24251,11,Elche,Spain
José Mena Rodríguez,33146,26,Sevilla,Spain
Jonathan Douglas,40398,26,Blackburn Rovers,Ireland
Marc Muniesa Martínez,6560,20,Girona,Spain
Stan Lazaridis,40295,0,Birmingham City,Australia
Michael Owen,15665,10,Liverpool,England
Antonio García Aranda,6784,3,Levante UD,Spain
Francisco Javier Alvarez Rodríguez,105323,32,Real Valladolid,Spain
Jerzy Dudek,34390,1,Liverpool,Poland
Denis Cheryshev,5186,11,Valencia,Russia
Stiven Ricardo Plaza Castillo,23492,42,Real Valladolid,Ecuador
Rodrigo Tarín Higón,17818,15,Leganés,Spain
Aïssa Mandi,6648,23,Real Betis,Algeria
David Seaman,15409,1,Manchester City,England
Matthew Taylor,4357,14,Portsmouth,England
Nicolas Anelka,15519,39,Manchester City,France
Theo Bernard François Hernández,6704,19,Real Sociedad,France
José Manuel Arnáiz Díaz,6810,16,Osasuna,Spain
Alejandro Moreno Lopera,11538,7,Rayo Vallecano,Spain
Jonathan Cristian Silva,11730,5,Leganés,Argentina
Filipe Luís Kasmirski,6320,3,Atlético Madrid,Brazil
Zoumana Camara,40263,6,Leeds United,France
Genaro Rodríguez Serrano,33307,36,Sevilla,Spain
Raphaël Varane,5485,5,Real Madrid,France
Jokin Ezkieta Mendiburu,35404,31,Barcelona,Spain
Álvaro Borja Morata Martín,3477,9,Atlético Madrid,Spain
Lucas Hernández Pi,5484,21,Atlético Madrid,France
José María Giménez de Vargas,5259,2,Atlético Madrid,Uruguay
Pedro González López,30486,16,Barcelona,Spain
Shaun Thurston Bartlett,41459,17,Charlton Athletic,South Africa
Stewart Downing,9585,19,Middlesbrough,England
Stuart Taylor,40870,13,Arsenal,England
Thomas Lemar,3245,11,Atlético Madrid,France
Rafael Mir Vicente,23812,9,Huesca,Spain
Joaquín José Marín Ruiz,24138,17,Granada,Spain
Rubén Salvador Pérez Del Mármol,6599,21,Leganés,Spain
Raúl García Carnero,6601,14,Leganés,Spain
Roy Carroll,40364,13,Manchester United,Northern Ireland
Ivica Mornar,20331,37,Portsmouth,Croatia
Philippe Coutinho Correia,3501,7,Barcelona,Brazil
Santiago Cáseres,11385,5,Villarreal,Argentina
Luís Boa Morte Pereira,40424,11,Fulham,Portugal
Jairo Izquierdo González,23971,25,Cádiz,Spain
Denis Suárez Fernández,6609,6,Barcelona,Spain
Steven Reid,40358,12,Blackburn Rovers,Ireland
Eduardo César Daude Gaspar,26014,17,Arsenal,Brazil
Carlos Arturo Bacca Ahumada,5688,9,Villarreal,Colombia
Gilberto Aparecido da Silva,40221,19,Arsenal,Brazil
Cristhian Ricardo Stuani Curbelo,6351,7,Girona,Uruguay
Álvaro García Rivera,12192,18,Rayo Vallecano,Spain
Unai Simón Mendibil,11748,25,Athletic Club,Spain
Michael Oakes,40310,1,Wolverhampton Wanderers,England
Aleix Vidal Parreu,6400,18,Deportivo Alavés,Spain
Patrik Berger,15259,13,Portsmouth,Czech Republic
Maximilian Wöber,8068,14,Sevilla,Austria
Fitz Hall,40444,15,Southampton,England
Carles Pérez Sayol,25006,43,Barcelona,Spain
José Javier Hualde Zaratiegui,41471,35,Osasuna,Spain
Robert Huth,40123,0,Chelsea,Germany
Robbie Savage,40290,0,Birmingham City,Wales
Rafael Alcântara do Nascimento,6998,12,Barcelona,Brazil
Craig Bellamy,40226,10,Newcastle United,Wales
Róbert Mazáň,6876,15,Celta Vigo,Slovakia
Thomas Teye Partey,6383,5,Atlético Madrid,Ghana
Joseph Aidoo,16555,18,Celta Vigo,Ghana
Javier Moyano Lujano,11297,17,Real Valladolid,Spain
Enrique García Martínez,6711,17,Eibar,Spain
Yeray Álvarez López,6877,5,Athletic Club,Spain
Sanjin Prcić,4407,8,Levante UD,Bosnia and Herzegovina
George Boateng,40324,7,Middlesbrough,Netherlands
Marc-André ter Stegen,20055,1,Barcelona,Germany
Aleix Febas Pérez,23986,23,Mallorca,Spain
Zouhair Feddal,6647,4,Real Betis,Morocco
Gorka Iraizoz Moreno,6576,1,Girona,Spain
Henri Camara,40308,17,Wolverhampton Wanderers,Senegal
Yassin Fékir,23677,19,Real Betis,France
Chris Perry,40381,36,Charlton Athletic,England
Marc Roca Junqué,6866,21,Espanyol,Spain
Lucas Torreira Di Pascua,5266,5,Atlético Madrid,Uruguay
Cheick Doukouré,6683,25,Levante UD,Côte d'Ivoire
Martín Aguirregabiria Padilla,6618,21,Deportivo Alavés,Spain
Sergio Busquets i Burgos,5203,5,Barcelona,Spain
Stefan Savić,6376,15,Atlético Madrid,Montenegro
Sergio Enrich Ametller,6700,9,Eibar,Spain
Moussa Wagué,5674,40,Barcelona,Senegal
Samuel Yves Umtiti,5492,23,Barcelona,France
Mark Kennedy,40305,11,Wolverhampton Wanderers,Ireland
Alan Wright,40404,22,Middlesbrough,England
José Andrés Guardado Hernández,5563,18,Real Betis,Mexico
Goran Bunjevčević,40273,5,Tottenham Hotspur,Serbia
Juan Pedro Ramírez López,6572,15,Girona,Spain
Roberto Torres Morales,23947,10,Osasuna,Spain
Alexander Mesa Travieso,6808,23,Cádiz,Spain
Riccardo Scimeca,375887,21,Leicester City,England
Javier López Carballo,41124,26,Deportivo Alavés,Spain
José Luis Morales Nogales,6668,11,Levante UD,Spain
Enes Ünal,6760,9,Real Valladolid,Turkey
Gerard Gumbau Garriga,6834,6,Leganés,Spain
Markus Babbel,15272,0,Blackburn Rovers,Germany
Rami Shaaban,41623,24,Arsenal,Sweden
Alejandro Blanco Sánchez,25005,37,Valencia,Spain
Nehuén Pérez,30081,3,Granada,Argentina
João Paulo Santos da Costa,31789,35,Granada,Portugal
Andrew Hjulsager,10759,16,Celta Vigo,Denmark
Salif Alassane Diao,40256,0,Liverpool,Senegal
Arthur Henrique Ramos de Oliveira Melo,11392,8,Barcelona,Brazil
Okay Yokuşlu,12555,5,Celta Vigo,Turkey
Enrique Pérez Muñoz,40881,28,Real Valladolid,Spain
Kévin Manuel Rodrigues,6885,24,Leganés,Portugal
David Zurutuza Veillet,6669,17,Real Sociedad,Spain
Sébastien Schemmel,40336,28,Portsmouth,France
Frank Mohammed Sinclair,40243,0,Leicester City,Jamaica
Andy Todd,40355,0,Blackburn Rovers,England
Álvaro Fernández Llorente,25598,1,Huesca,Spain
Mikel Balenziaga Oruesagasti,6789,24,Athletic Club,Spain
Mamor Niang,75584,39,Getafe,Spain
Laureano Bisan-Etame Mayer,40222,12,Arsenal,Cameroon
Gerard Piqué Bernabéu,5213,3,Barcelona,Spain
Anssumane Fati,30756,31,Barcelona,Spain
Ivo Grbić,29342,1,Atlético Madrid,Croatia
Thomas Vermaelen,6332,24,Barcelona,Belgium
Víctor Sánchez Mata,6758,4,Espanyol,Spain
El-Hadji Ousseynou Diouf,40257,9,Liverpool,Senegal
Èric Montes Arce,34694,28,Girona,Spain
Alfonso Pedraza Sag,6737,16,Villarreal,Spain
Luke Young,40416,19,Charlton Athletic,England
David Sommeil,40220,0,Manchester City,France
Pablo Chavarría,7361,19,Mallorca,Argentina
Dejan Stefanovic,40340,3,Portsmouth,Serbia
Robert Navarro Muñoz,47375,29,Real Sociedad,Spain
Karl Brillant Toko Ekambi,3551,17,Villarreal,Cameroon
Pablo Pérez Rico,41409,40,Sevilla,Spain
Matt Jansen,40396,10,Blackburn Rovers,England
Patrick Twumasi,12190,24,Deportivo Alavés,Ghana
Colin Cameron,40313,10,Wolverhampton Wanderers,Scotland
Neil Sullivan,40271,34,Chelsea,Scotland
Daniele Bonera,6827,23,Villarreal,Italy
Marc Cardona Rovira,13108,7,Eibar,Spain
Rúben Afonso Borges Semedo,6857,4,Huesca,Portugal
Pablo Lombo Suárez,37006,35,Leganés,Spain
Borja Fernández Fernández,11294,8,Real Valladolid,Spain
Duje Čop,8419,20,Real Valladolid,Croatia
Yoel Rodríguez Oterino,10612,13,Eibar,Spain
Thierry Henry,15516,14,Arsenal,France
Luka Modrić,5463,10,Real Madrid,Croatia
Eduardo Expósito Jaén,6910,10,Eibar,Spain
Raúl García Escudero,6391,22,Athletic Club,Spain
Jon Bautista Orgilles,6906,21,Real Sociedad,Spain
Francisco António Machado Mota de Castro Trincão,22390,17,Barcelona,Portugal
Juan Antonio Iglesias Sánchez,71519,29,Getafe,Spain
Bruno González Cabrera,6872,6,Real Valladolid,Spain
Javier Galán Gil,23322,11,Huesca,Spain
Shola Ameobi,40232,23,Newcastle United,Nigeria
Oriol Rey Erenas,47372,29,Real Valladolid,Spain
Jesper Grønkjær,15524,30,Chelsea,Denmark
Marians Pahars,19857,17,Southampton,Latvia
Sylvain Legwinski,40411,5,Fulham,France
André-Frank Zambo Anguissa,3141,19,Villarreal,Cameroon
Sylvain Wiltord,15512,11,Arsenal,France
Rúben Miguel Nunes Vezo,6592,14,Levante UD,Portugal
Stephen Clemence,40297,0,Birmingham City,England
Darío Poveda Romera,8864,19,Getafe,Spain
Stephen Kelly,40272,34,Tottenham Hotspur,Ireland
Carlos Henrique Casimiro,5539,14,Real Madrid,Brazil
Jonathan Fortune,40417,24,Charlton Athletic,England
Darren Kenton,40436,22,Southampton,England
Jawad El Yamiq,7459,15,Real Valladolid,Morocco
Jamie Carragher,34388,23,Liverpool,England
Carlos Martín Vigaray,6856,2,Deportivo Alavés,Spain
Luca Sangalli Fuentes,16210,23,Real Sociedad,Spain
Axel Werner,9747,1,Huesca,Argentina
Christian Gabriel Oliva Giménez,31931,10,Valencia,Uruguay
Pablo Fornals Malla,6764,8,Villarreal,Spain
Andrés Eduardo Fernández Moreno,8697,13,Villarreal,Spain
John Welsh,9845,0,Liverpool,England
Darren Fletcher,4022,24,Manchester United,Scotland
John Curtis,376517,33,Portsmouth,England
Lluís López Mármol,22919,27,Espanyol,Spain
Jordi Alba Ramos,5211,18,Barcelona,Spain
Pablo Ezequiel De Blasis,8555,16,Eibar,Argentina
Nwankwo Christian Kanu,24971,25,Arsenal,Nigeria
Anders Svensson,20193,12,Southampton,Sweden
Vicente Iborra De La Fuente,3497,10,Villarreal,Spain
Andrei Florin Ratiu,24861,27,Villarreal,Romania
Alfa Semedo Esteves,10323,2,Espanyol,Guinea-Bissau
Roberto Santamaría Cipriain,22332,13,Huesca,Spain
Franco Damián Vázquez,6719,22,Sevilla,Argentina
Stern John,40299,0,Birmingham City,Trinidad and Tobago
Darius Vassell,20327,10,Aston Villa,England
Antonio Adán Garrido,6654,1,Atlético Madrid,Spain
Jlloyd Tafari Samuel,40359,3,Aston Villa,Trinidad and Tobago
Víctor Mollejo Carpintero,23211,26,Getafe,Spain
James Scowcroft,40237,10,Leicester City,England
Alan Smith,40267,17,Leeds United,England
Jussi Jääskeläinen,40385,22,Bolton Wanderers,Finland
Josep Señé Escudero,27342,4,Mallorca,Spain
Sergio Álvarez Conde,6884,1,Celta Vigo,Spain
Marco Asensio Willemsen,5719,20,Real Madrid,Spain
Sofiane Boufal,3625,19,Celta Vigo,Morocco
Ashley Cole,12529,3,Arsenal,England
Émerson Augusto Thome,40383,26,Bolton Wanderers,Brazil
Roger Martí Salvador,6684,9,Levante UD,Spain
"Gérémi Sorele N""Djitap Fotso",40261,14,Chelsea,Cameroon
Rubén Alcaraz Jiménez,11300,14,Real Valladolid,Spain
Bryan Gil Salvatierra,22418,26,Leganés,Spain
John Terry,20287,26,Chelsea,England
Borja Mayoral Moya,21147,2,Levante UD,Spain
Cristiano Piccini,11634,21,Valencia,Italy
Claudio Andrés Bravo Muñoz,4691,25,Real Betis,Chile
Juan Hernández García,25014,7,Celta Vigo,Spain
Alexander Isak,8819,19,Real Sociedad,Sweden
Alain Goma,40422,24,Fulham,France
Sergio Barcia Laranxeira,52181,42,Granada,Spain
Daniel José Rodríguez Vázquez,24088,14,Mallorca,Spain
Mikaël Silvestre,20341,27,Manchester United,France
Chris Baird,11009,32,Southampton,Northern Ireland
Darren Ambrose,40229,17,Newcastle United,England
Mauro Wilney Arambarri Rosa,6863,18,Getafe,Uruguay
Sergio Gómez Martín,22199,10,Huesca,Spain
Domingos Sousa Coutinho Meneses Duarte,23807,22,Granada,Portugal
Marcus Allbäck,20180,14,Aston Villa,Sweden
Jorge De Frutos Sebastián,32673,18,Levante UD,Spain
Alphonse Areola,3379,1,Real Madrid,France
David Unsworth,40281,0,Everton,England
Sergio Asenjo Andrés,6755,1,Villarreal,Spain
Sergio Lozano Lluch,15737,28,Villarreal,Spain
Valery Fernández Estrada,22129,34,Girona,Spain
Jaime Mata Arnaiz,11550,7,Getafe,Spain
Malcolm Christie,40403,11,Middlesbrough,England
Mbulelo Mabizela,40315,21,Tottenham Hotspur,South Africa
Joseba Zaldúa Bengoetxea,6605,2,Real Sociedad,Spain
Douglas Luiz Soares de Paulo,6574,12,Girona,Brazil
Miguel Alfonso Herrero Javaloyas,11301,21,Real Valladolid,Spain
Enric Gallego Puigsech,23213,11,Osasuna,Spain
Michael Turner,4067,23,Charlton Athletic,England
Augusto Jorge Mateo Solari,28658,21,Celta Vigo,Argentina
Stuart Parnaby,40402,21,Middlesbrough,England
Gelson Dany Batalha Martins,5723,18,Atlético Madrid,Portugal
David López Silva,6754,15,Espanyol,Spain
Ian Harte,40368,3,Leeds United,Ireland
Mikel Merino Zazón,3042,8,Real Sociedad,Spain
Antonio Latorre Grueso,6587,15,Valencia,Spain
Karim Benzema,19677,9,Real Madrid,France
Martín Montoya Torralbo,6593,2,Real Betis,Spain
Roberto Soldado Rillo,26009,9,Granada,Spain
Matheus Fernandes Siqueira,29256,19,Barcelona,Brazil
Antonio Barragán Fernández,6663,19,Real Betis,Spain
Antoine Griezmann,5487,17,Barcelona,France
Sergio García De La Fuente,6767,9,Espanyol,Spain
William Silva de Carvalho,5214,14,Real Betis,Portugal
Wilfrid Jaures Kaptoum,22235,34,Real Betis,Cameroon
Gabriel Veiga Novas,47447,31,Celta Vigo,Spain
Sergio Akieme Rodríguez,20734,39,Barcelona,Spain
Edgar Badía Guardiola,24165,13,Elche,Spain
Diego Javier Llorente Ríos,6713,3,Real Sociedad,Spain
Daniel Villahermosa Martínez,41603,38,Espanyol,Spain
Adrián Embarba Blázquez,11539,11,Rayo Vallecano,Spain
Kasey Keller,40274,13,Tottenham Hotspur,United States of America
José Ramiro Funes Mori,4629,4,Villarreal,Argentina
Steve Watson,38558,0,Everton,England
Juan Pablo Ángel Arango,40362,18,Aston Villa,Colombia
Esteban Félix Granero Molina,6770,23,Espanyol,Spain
Danny Coyne,40235,16,Leicester City,Wales
Fabián Ariel Orellana Valenzuela,7105,14,Eibar,Chile
Jaume Doménech Sánchez,6898,1,Valencia,Spain
Daniel Pedro Calvo San Román,24175,12,Elche,Spain
Mouctar Diakhaby,4267,12,Valencia,Guinea
Giovani Lo Celso,3313,21,Real Betis,Argentina
Keith Gillespie,45969,7,Leicester City,Northern Ireland
Michy Batshuayi Tunga,3457,23,Valencia,Belgium
Titus Malachi Bramble,40230,19,Newcastle United,England
Ángel Martín Correa,6377,10,Atlético Madrid,Argentina
Jorge Cuenca Barreno,41543,43,Barcelona,Spain
Henrik Pedersen,40387,9,Bolton Wanderers,Denmark
Oier Sanjurjo Mate,23944,6,Osasuna,Spain
Antonio Manuel Luna Rodríguez,6675,22,Levante UD,Spain
Luis Javier Suárez Charris,24093,7,Granada,Colombia
Asier Riesgo Unamuno,10763,13,Eibar,Spain
Phil Neville,15660,3,Manchester United,England
Pedro Bigas Rigo,7907,3,Eibar,Spain
Ramón Rodríguez Jiménez,41122,42,Barcelona,Spain
Juan Marcos Foyth,21081,8,Villarreal,Argentina
Michael Duberry,40371,22,Leeds United,England
Szilárd Németh,40327,8,Middlesbrough,Slovakia
Chris Marsden,45995,4,Southampton,England
Beñat Etxebarria Urkiaga,6396,7,Athletic Club,Spain
Rodrigo Hernández Cascante,6765,14,Atlético Madrid,Spain
Pere Pons Riera,6565,8,Girona,Spain
Felipe Augusto de Almeida Monteiro,11167,18,Atlético Madrid,Brazil
Collins John,40425,36,Fulham,Netherlands
Javier Martínez Calvo,40114,33,Osasuna,Spain
Lucas Ariel Boyé,7064,9,Elche,Argentina
José Manuel Sánchez Guillén,9857,24,Elche,Spain
Joaquín Fernández Moreno,22020,24,Real Valladolid,Spain
Jermaine Jenas,40234,7,Newcastle United,England
Michael Lennart Svensson,40441,11,Southampton,Sweden
Ricardo Wayne Gardner,40391,11,Bolton Wanderers,Jamaica
Michael Nicolás Santos Rosadilla,11745,20,Leganés,Uruguay
Juan Francisco Moreno Fuertes,6738,2,Leganés,Spain
Matt Heath,40241,0,Leicester City,England
Federico Santiago Valverde Dipetta,6773,15,Real Madrid,Uruguay
Éver Maximiliano David Banega,5504,10,Sevilla,Argentina
Jorge Franco Alviz,6624,18,Deportivo Alavés,Spain
Mathías Olivera Miramontes,7104,17,Getafe,Uruguay
Aleksandar Sedlar,8689,20,Mallorca,Serbia
Carlton Cole Okirie,40418,35,Charlton Athletic,England
Juan Brandariz Movilla,41407,36,Barcelona,Spain
Tie Li,40287,0,Everton,China
Ousmane Dembélé,5477,11,Barcelona,France
Sergio Postigo Redondo,6682,15,Levante UD,Spain
Andy Melville,40415,4,Fulham,Wales
Frenkie de Jong,8118,21,Barcelona,Netherlands
Fernando Niño Rodriguez,34515,34,Villarreal,Spain
Urko González de Zarate Quirós,48647,37,Real Sociedad,Spain
Sofian Chakla,35287,22,Villarreal,Morocco
Diego Altube Suárez,41153,26,Real Madrid,Spain
Marcos Paulo Mesquita Lopes,3218,7,Sevilla,Portugal
Gerónimo Rulli,6694,1,Real Sociedad,Argentina
Paul Telfer,40434,33,Southampton,Scotland
Stanislav Lobotka,6798,14,Celta Vigo,Slovakia
Juan Miranda González,22197,27,Barcelona,Spain
Dimitrios Siovas,6603,18,Huesca,Greece
Zat Knight,40413,16,Fulham,England
Miguel De la Fuente Escudero,20735,29,Real Valladolid,Spain
Jerrel Hasselbaink,40262,9,Chelsea,Netherlands
Daniel García Carrillo,6775,16,Athletic Club,Spain
Martin Valjent,24084,24,Mallorca,Slovakia
José Luis Zalazar Martínez,47373,27,Real Valladolid,Spain
Paul Jones,40319,1,Southampton,Wales
Rafael Jiménez Jarque,23934,3,Cádiz,Spain
Sylvain Distin,40218,0,Manchester City,France
David Soria Solís,6722,13,Getafe,Spain
Ander Capa Rodríguez,6699,21,Athletic Club,Spain
Ibrahim Ba,40392,15,Bolton Wanderers,France
Kevin Harper,376520,7,Portsmouth,Scotland
Ledley King,20488,26,Tottenham Hotspur,England
José Luis Sanmartín Mato,3265,9,Deportivo Alavés,Spain
José Ángel Valdés Díaz,6705,15,Eibar,Spain
Lei Wu,23343,24,Espanyol,China
José Ignacio Fernández Iglesias,5202,6,Real Madrid,Spain
Steve Guppy,45970,27,Leicester City,England
Diego Alende López,34728,30,Real Valladolid,Spain
Helibelton Palacios Zapata,27477,18,Elche,Colombia
Kenan Kodro,8540,23,Athletic Club,Bosnia and Herzegovina
Samuel Sáiz Alonso,4712,11,Getafe,Spain
Clément Lenglet,6826,15,Barcelona,France
José Ignacio Martínez García,11298,22,Real Valladolid,Spain
Ander Iturraspe Derteano,6388,8,Espanyol,Spain
Nicky Butt,24761,8,Manchester United,England
Alexei Gennadyevich Smertin,20510,30,Portsmouth,Russia
David Bentley,376521,37,Arsenal,England
Yannis Salibur,3122,16,Mallorca,France
Miralem Pjanić,6947,8,Barcelona,Bosnia and Herzegovina
Igor Zubeldia Elorza,6676,5,Real Sociedad,Spain
Danny Tiatto,40219,0,Manchester City,Australia
David Prutton,40439,20,Southampton,England
Antti Mikko Niemi,40438,14,Southampton,Finland
Steven Gerrard,19109,17,Liverpool,England
Tim Sherwood,40341,8,Portsmouth,England
Joaquín Navarro Jiménez,6923,15,Deportivo Alavés,Spain
Colin Doyle,3794,13,Birmingham City,Ireland
Alberto Soro Álvarez,24037,26,Granada,Spain
Ferrán Torres García,6748,20,Valencia,Spain
Jaime Seoane Valenciano,30483,20,Huesca,Spain
Lamine Sakho,40269,10,Leeds United,Senegal
Daniel Raba Antolín,6753,22,Villarreal,Spain
Luka Jović,6319,18,Real Madrid,Serbia
Guillermo Alfonso Maripán Loaysa,6855,6,Deportivo Alavés,Chile
Amdy Moustapha Faye,40343,25,Portsmouth,Senegal
Marko Dmitrović,6698,1,Eibar,Serbia
Djené Dakonam Ortega,6634,2,Getafe,Togo
Luis Alfonso Espino García,24616,22,Cádiz,Uruguay
Nick Barmby,15400,7,Leeds United,England
Álvaro Tejero Sacristán,23981,24,Eibar,Spain
Rodrigo Sánchez Rodriguez,41083,28,Real Betis,Spain
Juan Francisco Torres Belén,6375,20,Atlético Madrid,Spain
Rodrigo Ely,6636,4,Deportivo Alavés,Brazil
Jonathan Rodríguez Menéndez,6581,23,Deportivo Alavés,Spain
Michael Brown,40278,6,Tottenham Hotspur,England
Unai Marrero Larrañaga,65900,31,Real Sociedad,Spain
Tiago Manuel Dias Correia,7900,14,Rayo Vallecano,Cape Verde
Tugay Kerimoğlu,15095,0,Blackburn Rovers,Turkey
Steve Stone,15505,19,Portsmouth,England
Anthony Gardner,40279,30,Tottenham Hotspur,England
Rui Tiago Dantas da Silva,24140,1,Granada,Portugal
Gareth Southgate,15403,6,Middlesbrough,England
Willian José da Silva,6721,9,Real Sociedad,Brazil
Mark Pembridge,40289,0,Everton,Wales
Dean Richards,40317,36,Tottenham Hotspur,England
Luis Miguel Sánchez Benítez,34323,15,Elche,Spain
Daniel Gómez Alcón,30593,21,Levante UD,Spain
Daniele Verde,7699,11,Real Valladolid,Italy
Edgar Antonio Méndez Ortega,26387,16,Deportivo Alavés,Spain
Florian Grégoire Claude Lejeune,3093,22,Deportivo Alavés,France
Pedro León Sánchez Gil,6907,21,Eibar,Spain
Jordan Stewart,40239,11,Leicester City,England
Joaquín Sánchez Rodríguez,6651,17,Real Betis,Spain
Paulino de la Fuente Gómez,41123,32,Deportivo Alavés,Spain
Francisco Román Alarcón Suárez,4926,22,Real Madrid,Spain
Martín Merquelanz Castellanos,23212,17,Real Sociedad,Spain
Sebastián Carlos Cristóforo Pepe,7154,15,Getafe,Uruguay
Jens Jønsson,30370,2,Cádiz,Denmark
Carl Cort,40320,27,Wolverhampton Wanderers,Guyana
Matt Elliott,375885,18,Leicester City,Scotland
Jordi Calavera Espinach,24948,2,Eibar,Spain
Richard Wright,40280,0,Everton,England
Danny Murphy,38454,13,Liverpool,England
Bruno Soriano Llido,22819,21,Villarreal,Spain
Rey Manaj,23987,41,Barcelona,Albania
José Sánchez Martínez,51824,28,Granada,Spain
Robbie Fowler,15399,0,Manchester City,England
Paul Ince,15405,8,Wolverhampton Wanderers,England
Antonio Jesús Regal Angulo,18164,18,Real Valladolid,Spain
Patrick Gilmar Sequeira Mejías,97291,41,Celta Vigo,Costa Rica
Franco Matías Di Santo,8512,25,Rayo Vallecano,Argentina
Ferland Mendy,3804,23,Real Madrid,France
Kevin Vázquez Comesaña,22029,20,Celta Vigo,Spain
Steve Finnan,34392,0,Liverpool,Ireland
Brad Friedel,38464,0,Blackburn Rovers,United States of America
Jesé Rodríguez Ruiz,3990,10,Real Betis,Spain
Yunus Dimoara Musah,38792,30,Valencia,United States of America
Anthony Rubén Lozano Colón,7578,19,Girona,Honduras
William Gallas,20257,13,Chelsea,France
Óscar Rodríguez Arnaiz,16212,27,Leganés,Spain
Álvaro Juan Cruz Armada,24172,3,Osasuna,Spain
Michael Bridges,40264,8,Leeds United,England
Roger Claver Assalé Djapone,16024,20,Leganés,Côte d'Ivoire
Jacobo González Rodrigañez,41116,29,Celta Vigo,Spain
Anthony Barness,45967,2,Bolton Wanderers,England
Anthony Le Tallec,7814,0,Liverpool,France
Luis Milla Manzanares,24272,5,Granada,Spain
Igor Bišćan,40254,25,Liverpool,Croatia
Manuel Javier Vallejo Galván,23978,21,Valencia,Spain
Álvaro González Soberón,6762,3,Villarreal,Spain
Iván Cuéllar Sacristán,6610,1,Leganés,Spain
Martin Djetou,40423,17,Fulham,France
Eric Daniel Djemba-Djemba,40365,19,Manchester United,Cameroon
Daniel Rebollo Franco,47611,30,Real Betis,Spain
Álvaro Giménez Candela,24053,21,Cádiz,Spain
Facundo Pellistri Rebollo,36288,37,Deportivo Alavés,Uruguay
Aritz Elustondo Irribaria,6679,15,Real Sociedad,Spain
Peter Crouch,4040,16,Aston Villa,England
Kolo Habib Touré,38412,28,Arsenal,Côte d'Ivoire
Juan Soriano Oropesa,23921,13,Leganés,Spain
Oihan Sancet Tirapu,30225,34,Athletic Club,Spain
Ander Barrenetxea Muguruza,22321,22,Real Sociedad,Spain
Iván Amores Alonso,41291,36,Leganés,Spain
Olof Mellberg,15761,4,Aston Villa,Sweden
Facundo Sebastián Roncaglia,6830,12,Osasuna,Argentina
Guilherme Antonio Arana Lopes,6919,23,Sevilla,Brazil
Yann Bodiger,2961,12,Cádiz,France
Arjan de Zeeuw,40339,6,Portsmouth,Netherlands
Ricard Puig Martí,24841,28,Barcelona,Spain
Arnau Tenas Ureña,39159,36,Barcelona,Spain
Carlos Marín Tomás,37892,31,Real Betis,Spain
Stephane Dalmat,26149,11,Tottenham Hotspur,France
Vladimir Smicer,15280,11,Liverpool,Czech Republic
Mark Schwarzer,40322,1,Middlesbrough,Australia
José Ángel Pozo la Rosa,11535,22,Rayo Vallecano,Spain
Moussa Dembélé,12509,19,Atlético Madrid,France
Jaume Vicent Costa Jordá,6828,11,Villarreal,Spain
Yannick Ferreira Carrasco,5633,21,Atlético Madrid,Belgium
Gustavo Adrián Ramos Vásquez,24324,20,Granada,Colombia
Xavier Quintillà Guasch,24729,39,Villarreal,Spain
Charles Días Barbosa de Oliveira,6707,19,Eibar,Brazil
Sergio Camello Pérez,24995,27,Atlético Madrid,Spain
Teddy Sheringham,15410,10,Portsmouth,England
Alberto García Cabrera,11537,1,Rayo Vallecano,Spain
Kevin Campbell,375068,9,Everton,England
Martin Keown,15654,5,Arsenal,England
Sergio Herrera Pirón,24211,1,Osasuna,Spain
Vinícius José Paixão de Oliveira Júnior,18395,28,Real Madrid,Brazil
Orlando Rubén Yáñez Alabart,31615,1,Getafe,Spain
Paul Brooker,40245,0,Leicester City,England
Gabriel Iván Mercado,5742,25,Sevilla,Argentina
Fabricio Martín Agosto Ramírez,10277,13,Mallorca,Spain
Borja Sainz Eguskiza,30760,29,Deportivo Alavés,Spain
Kieran Trippier,3308,23,Atlético Madrid,England
Juan Miguel Jiménez López,6695,7,Real Sociedad,Spain
Callum Davidson,375890,14,Leicester City,Scotland
Daniel Morer Cabrera,41641,35,Barcelona,Spain
Jeremías Ledesma,29198,1,Cádiz,Argentina
Shon Zalman Weissman,29310,9,Real Valladolid,Israel
Aarón Escandell Banacloche,25704,13,Granada,Spain
Harry Kewell,34391,7,Liverpool,Australia
Esteban Rodrigo Burgos,23803,2,Eibar,Argentina
Carlos Akapo Martínez,17618,15,Cádiz,Equatorial Guinea
Carlos Soler Barragán,6583,8,Valencia,Spain
José Manuel Rodríguez Benito,6681,6,Levante UD,Spain
Francisco Alcácer García,6402,17,Villarreal,Spain
Jesús Joaquín Fernández Sáez de la Torre,7022,14,Sevilla,Spain
Javier Enrique Delgado Saverio,41408,38,Barcelona,Ecuador
Iván Alejo Peralta,6908,14,Cádiz,Spain
Wayne Bridge,40258,18,Chelsea,England
Aritz Castro Pérez,37236,31,Deportivo Alavés,Spain
Ian Bennett,40401,1,Birmingham City,England
Marko Rog,7040,20,Sevilla,Croatia
Sandro Ramírez Castillo,3508,6,Huesca,Spain
Carlo Cudicini,40260,0,Chelsea,Italy
Kenneth Josiah Omeruo,5830,4,Leganés,Nigeria
Joris Gnagnon,18921,2,Sevilla,France
"Bruno N""Gotty",40393,5,Bolton Wanderers,France
Marcos Javier Acuña,19597,19,Sevilla,Argentina
Filip Bradarić,6310,14,Celta Vigo,Croatia
Borja Iglesias Quintas,11391,7,Espanyol,Spain
Lucas Radebe,40370,5,Leeds United,South Africa
Ruud van Nistelrooy,19729,10,Manchester United,Netherlands
Raúl Albiol i Tortajada,7030,3,Villarreal,Spain
Rubén Pardo Gutiérrez,6899,14,Real Sociedad,Spain
Sergi Gómez Solà,6804,3,Sevilla,Spain
Iñigo Córdoba Kerejeta,6387,11,Athletic Club,Spain
Oghenekaro Etebo,5466,5,Getafe,Nigeria
Gonzalo Escalante,6712,5,Eibar,Argentina
Omenuke Mfulu,18783,6,Elche,"Congo, (Kinshasa)"
Renan Augusto Lodi dos Santos,26532,12,Atlético Madrid,Brazil
Lucas Torró Marset,12419,24,Osasuna,Spain
Rohan Ricketts,40316,27,Tottenham Hotspur,England
Paolo Di Canio,40375,11,Charlton Athletic,Italy
Pape Cheikh Diop Gueye,4558,24,Celta Vigo,Senegal
Alex Rae,40311,4,Wolverhampton Wanderers,Scotland
Yan Brice Eteki,24052,8,Granada,Cameroon
Alberto Perea Correoso,23811,10,Cádiz,Spain
Pedro López Muñoz,6787,19,Levante UD,Spain
Kevin Gameiro,6401,9,Valencia,France
Dino Baggio,15281,21,Blackburn Rovers,Italy
Marc Navarro Ceciliano,6756,2,Leganés,Spain
Óliver Torres Muñoz,12021,21,Sevilla,Spain
Jonathan Calleri,6930,12,Espanyol,Argentina
Óscar Esau Duarte Gaitán,5598,6,Levante UD,Costa Rica
Roberto Jiménez Gago,6571,1,Espanyol,Spain
Borja García Freire,6567,10,Girona,Spain
Lee Hendrie,40363,7,Aston Villa,England
Koba Lein Koindredi,39164,27,Valencia,France
Seydou Doumbia,17276,22,Girona,Côte d'Ivoire
Jens Lehmann,20015,1,Arsenal,Germany
Dwight Yorke,24766,0,Blackburn Rovers,Trinidad and Tobago
Hernâni Jorge Santos Fortes,12020,8,Levante UD,Portugal
Geoffrey Kondogbia,6589,6,Valencia,Central African Republic
Chidozie Collins Awaziem,3139,12,Leganés,Nigeria
Rodrigo Moreno Machado,5718,19,Valencia,Spain
Neill McCann,40443,10,Southampton,Scotland
Paul Konchesky,38404,16,Tottenham Hotspur,England
Mubarak Wakaso,6626,22,Deportivo Alavés,Ghana
Aaron Hughes,20059,18,Newcastle United,Northern Ireland
Víctor David Díaz Miguel,24133,16,Granada,Spain
Edgar González Estrada,33079,32,Real Betis,Spain
Dietmar Hamann,38522,16,Liverpool,Germany
Stefan Postma,364785,13,Aston Villa,Netherlands
Andriy Lunin,21390,13,Real Valladolid,Ukraine
Quinton Fortune Kolobea,40246,25,Manchester United,South Africa
Paul Daniel Smith,377675,13,Southampton,England
Daniel Alejandro Torres Rojas,6839,16,Deportivo Alavés,Colombia
Pau Francisco Torres,6892,4,Villarreal,Spain
Luis Federico López Andúgar,38832,33,Real Madrid,Spain
Jermain Defoe,3337,18,Tottenham Hotspur,England
Stephen Crainey,377676,6,Southampton,Scotland
Laureano Antonio Villa Suárez,11291,19,Real Valladolid,Spain
Ante Budimir,8654,22,Mallorca,Croatia
Léandre Griffit,40440,30,Southampton,France
Massimo Maccarone,40252,9,Middlesbrough,Italy
Abel Ruiz Ortega,24976,29,Barcelona,Spain
Paul Dickov,40240,22,Leicester City,Scotland
Gareth Frank Bale,6399,11,Real Madrid,Wales
Adrián Marín Gómez,6935,17,Deportivo Alavés,Spain
Gaël Clichy,20302,22,Arsenal,France
Francisco Gámez López,24576,15,Mallorca,Spain
Jorge Ruiz Ojeda,10765,1,Levante UD,Spain
Quincy Anton Promes,13360,21,Sevilla,Netherlands
Roberto Román Triguero,6914,2,Rayo Vallecano,Spain
Chris Riggott,40330,5,Middlesbrough,England
Gaizka Ayesa Burgui,51205,34,Real Sociedad,Spain
Germán Sánchez Barahona,24134,6,Granada,Spain
Keylor Navas Gamboa,5597,1,Real Madrid,Costa Rica
Ian Pearce,40421,35,Fulham,England
Álvaro García Segovia,41733,26,Atlético Madrid,Spain
Javier Hernández Balcázar,3058,14,Sevilla,Mexico
Néstor Alejandro Araújo Razo,11388,4,Celta Vigo,Mexico
Konrad De La Fuente,39469,29,Barcelona,United States of America
Diego Alejandro Rolan Silva,6739,9,Deportivo Alavés,Uruguay
Tobias Linderoth,20189,0,Everton,Sweden
Luis Ezequiel Ávila,11678,19,Huesca,Argentina
Tomás Pina Isla,6622,8,Deportivo Alavés,Spain
Moisés Gómez Bordonado,11675,6,Huesca,Spain
Javier Ontiveros Parra,20063,24,Villarreal,Spain
José Antonio Martínez Gil,24142,5,Granada,Spain
Antonio Moya Vega,8136,34,Atlético Madrid,Spain
Seth Johnson,40266,20,Leeds United,England
Wes Brown,40366,6,Manchester United,England
Miquel Parera Pizá,25595,25,Mallorca,Spain
Óscar de Marcos Arana,6649,18,Athletic Club,Spain
Pau López Sabata,6792,13,Real Betis,Spain
Louis Saha,20505,8,Fulham,France
Boris Živković,20402,4,Portsmouth,Croatia
Aleix García Serrano,6888,23,Girona,Spain
Ian Walker,40236,1,Leicester City,England
John O''Shea,16890,22,Manchester United,Ireland
Marc Cucurella Saseta,17620,20,Eibar,Spain
Pablo Ínsua Blanco,21399,18,Huesca,Spain
Paul Gallagher,9003,0,Blackburn Rovers,Scotland
Duncan Ferguson,24794,10,Everton,Scotland
Alpay Fehmi Özalan,15092,5,Aston Villa,Turkey
Omobolaji Habeeb Adekanye,31914,32,Cádiz,Netherlands
René Salomon Olembé-Olembé,40268,24,Leeds United,Cameroon
Samuel Pérez Fariña,41126,26,Real Valladolid,Spain
Damien Duff,20444,0,Chelsea,Ireland
Shaun Newton,40307,7,Wolverhampton Wanderers,England
Martin Braithwaite Christensen,4447,19,Barcelona,Denmark
Sulzeer Jeremiah ''Sol' Campbell,15637,23,Arsenal,England
Javier Eraso Goñi,6606,17,Leganés,Spain
Vasyl Kravets,23561,14,Leganés,Ukraine
Sidnei Rechel da Silva Júnior,6777,12,Real Betis,Brazil
Héctor Junior Firpo Adames,17304,20,Real Betis,Spain
Seung-Ho Paik,23264,35,Girona,Korea (South)
Barry Ferguson,40352,0,Blackburn Rovers,Scotland
Jamal Julian Campbell-Ryce,20549,22,Charlton Athletic,Jamaica
Jorge Molina Vidal,6630,19,Getafe,Spain
Nemanja Radoja,6796,5,Levante UD,Serbia
Fernando Pacheco Flores,6629,1,Deportivo Alavés,Spain
Mikel Oyarzabal Ugarte,6685,10,Real Sociedad,Spain
Aimar Oroz,40115,34,Osasuna,Spain
Ljubomir Fejsa,10318,15,Deportivo Alavés,Serbia
Manuel Alejandro García Sánchez,6632,19,Deportivo Alavés,Spain
Sergi Darder Moll,3236,10,Espanyol,Spain
Marcelo Vieira da Silva Júnior,5552,12,Real Madrid,Brazil
Guillem Molina Gutiérrez,39083,31,Valencia,Spain
Andrew Davies,40406,24,Middlesbrough,England
Kieron Dyer,20326,0,Newcastle United,England
Danny Higginbotham,40445,19,Southampton,Gibraltar
Paul Edgar Akouokou,42282,4,Real Betis,Côte d'Ivoire
Peru Nolaskoain Esnal,11744,31,Athletic Club,Spain
Rafael Jesús Navarro Mazuelos,6900,12,Deportivo Alavés,Spain
Mark Anthony Delaney,40361,2,Aston Villa,Wales
Craig Hignett,375886,5,Leicester City,England
Marc Pedraza Sarto,24269,6,Mallorca,Spain
Diego Lainez Leyva,22915,20,Real Betis,Mexico
Martin Taylor,41624,15,Birmingham City,England
Joseph-Desiré Job,40323,16,Middlesbrough,Cameroon
Rubén Peña Jiménez,6710,11,Eibar,Spain
Dragan Rosić,28194,40,Celta Vigo,Serbia
Emre Mor,6803,11,Celta Vigo,Turkey
Sergio León Limones,6657,7,Real Betis,Spain
Ben Thatcher,375889,33,Leicester City,Wales
Óscar Mingueza García,43728,28,Barcelona,Spain
Álvaro Odriozola Arzallus,6689,19,Real Madrid,Spain
Óscar Plano Pedreño,11296,10,Real Valladolid,Spain
Pione Sisto Ifolo Emirmija,5516,11,Celta Vigo,Denmark
Miguel Ángel Moyà Rumbo,7069,13,Real Sociedad,Spain
Carlos Manuel Bocanegra,40420,34,Fulham,United States of America
Nabil El Zhar,6608,10,Leganés,Morocco
Yuri Berchiche Izeta,3023,12,Athletic Club,Spain
Jorge Miramón Santagertrudis,11676,24,Huesca,Spain
Damián Marcelo Musto,11674,23,Huesca,Argentina
Gabriel Armando de Abreu,6746,5,Valencia,Brazil
Pascal Cygan,26194,18,Arsenal,France
Lee Carsley,375066,26,Everton,Ireland
Adrià Giner Pedrosa,22287,28,Espanyol,Spain
Luis Fernando Muriel Fruto,6334,14,Sevilla,Colombia
Carlos Fernández Luna,8866,9,Real Sociedad,Spain
Unai López Cabrera,11746,23,Athletic Club,Spain
Amath Ndiaye,6621,11,Getafe,Senegal
Enrique González Casín,23808,7,Eibar,Spain
Steve Harper,24801,12,Newcastle United,England
Ignacio Peña Sotorres,37237,30,Barcelona,Spain
Marcus Bent,40242,38,Leicester City,England
Thomas Gravesen,15513,0,Everton,Denmark
Mario Suárez Mata,23488,15,Rayo Vallecano,Spain
Thibaut Courtois,3509,25,Real Madrid,Belgium
Lee Naylor,40304,3,Wolverhampton Wanderers,England
Ramon Olamilekan Azeez,24127,12,Granada,Nigeria
Kevin Kilbane,375070,14,Everton,Ireland
Ibai Gómez Pérez,6617,7,Athletic Club,Spain
Daniel Carvajal Ramos,5721,2,Real Madrid,Spain
Jonatan Carmona Alamo,41106,37,Elche,Spain
Allan Romeo Nyom,3991,12,Leganés,Cameroon
Hernán Jorge Crespo,34394,0,Chelsea,Argentina
Alan Shearer,40231,9,Newcastle United,England
Pablo Maffeo Becerra,6564,3,Huesca,Spain
Thomas Løvendahl Sørensen,20145,1,Aston Villa,Denmark
Fyodor Smolov,5194,9,Celta Vigo,Russia
Yassine Bounou,6785,13,Girona,Morocco
Papa Kouly Diop,6867,8,Eibar,Senegal
Sergio Álvarez Díaz,13107,6,Eibar,Spain
Iddrisu Baba Mohammed,24087,12,Mallorca,Ghana
Takefusa Kubo,31090,26,Mallorca,Japan
Steve McManaman,15407,20,Manchester City,England
Idrissa Doumbia,23307,2,Huesca,Côte d'Ivoire
José Raúl Gutiérrez Parejo,24517,14,Elche,Spain
Tomas Franco Tavares,31779,37,Deportivo Alavés,Portugal
Pablo Sarabia García,6720,17,Sevilla,Spain
Facundo Sava,45965,9,Fulham,Argentina
Sami Hyypiä,34389,4,Liverpool,Finland
Leslie Ferdinand,38556,9,Leicester City,England
Ricard Sánchez Sendra,41732,29,Atlético Madrid,Spain
Dorival Guidoni Júnior,40329,20,Middlesbrough,Brazil
Mikel San José Domínguez,6389,6,Athletic Club,Spain
Laurent Robert,40227,32,Newcastle United,France
Wayne Mark Rooney,3538,0,Everton,England
Jan Oblak,6378,13,Atlético Madrid,Slovenia
Franck Queudrue,40328,3,Middlesbrough,France
Federico Barba,17520,3,Real Valladolid,Italy
Enrique Barja Afonso,24315,19,Osasuna,Spain
Francisco Javier Hidalgo Gómez,30492,2,Levante UD,Spain
Sergi Roberto Carnicer,6379,20,Barcelona,Spain
José Luis Gayà Peña,6596,14,Valencia,Spain
Iván Ramis Barrios,6778,4,Eibar,Spain
Andy Impey,375888,2,Leicester City,England
